id,conversation_id,created_at,date,time,timezone,user_id,username,name,place,tweet,language,mentions,urls,photos,replies_count,retweets_count,likes_count,hashtags,cashtags,link,retweet,quote_url,video,thumbnail,near,geo,source,user_rt_id,user_rt,retweet_id,reply_to,retweet_date,translate,trans_src,trans_dest
1468587670028767233,1468587670028767233,2021-12-08 19:56:00 IST,2021-12-08,19:56:00,+0530,444568008,drpravintogadia,Dr Pravin Togadia,,‡§∂‡•ç‡§∞‡§¶‡•ç‡§ß‡§æ‡§Ç‡§ú‡§≤‡§ø! ‡•ê ‡§∂‡§æ‡§Ç‡§§‡§ø!  https://t.co/ify1VvKn1V,hi,[],[],"['https://pbs.twimg.com/media/FGF4hOLVcAA3tQc.jpg', 'https://pbs.twimg.com/media/FGF4qmTVkAUe_5l.jpg']",27,51,330,[],[],https://twitter.com/DrPravinTogadia/status/1468587670028767233,False,0,1,https://pbs.twimg.com/media/FGF4hOLVcAA3tQc.jpg,,,,,,,[],,,,
1461601439147462658,1461541143305355266,2021-11-19 13:15:12 IST,2021-11-19,13:15:12,+0530,444568008,drpravintogadia,Dr Pravin Togadia,,"@ANI ‡§ï‡•É‡§∑‡§ø ‡§ï‡§æ‡§®‡•Ç‡§® ‡§µ‡§æ‡§™‡§∏ ‡§≤‡•á‡§®‡•á‡§ï‡•Ä ‡§ò‡•ã‡§∑‡§£‡§æ‡§ï‡•á ‡§≤‡§ø‡§è ‡§Æ‡§æ ‡§™‡•ç‡§∞‡§ß‡§æ‡§®‡§Æ‡§Ç‡§§‡•ç‡§∞‡•Ä‡§ú‡•Ä‡§ï‡§æ ‡§¨‡§π‡•Å‡§§ ‡§Ö‡§≠‡§ø‡§®‡§Ç‡§¶‡§®!‡§¶‡•É‡§¢‡§º ‡§µ‡§ø‡§∂‡•ç‡§µ‡§æ‡§∏ ‡§π‡•à,‡§∏‡§Ç‡§∏‡§¶‡§ï‡§æ ‡§µ‡§ø‡§∂‡•á‡§∑ ‡§∏‡§§‡•ç‡§∞ ‡§¨‡•Å‡§≤‡§æ‡§ï‡§∞ ‡§ï‡§º‡§æ‡§®‡•Ç‡§®‡§µ‡§æ‡§™‡§∏‡•Ä ‡§π‡•ã‡§ó‡•Ä,‡§è‡§Æ‡§è‡§∏‡§™‡•Ä ‡§î‡§∞ ‡§¨‡§ø‡§ú‡§≤‡•Ä‡§¨‡§ø‡§≤ ‡§ï‡§æ‡§®‡•Ç‡§® ‡§≠‡•Ä ‡§®‡§ø‡§∞‡§∏‡•ç‡§§ ‡§π‡•ã‡§Ç‡§ó‡•á‡•§ ‡§¨‡§≤‡§ø‡§¶‡§æ‡§®‡•Ä 700+‡§ï‡§ø‡§∏‡§æ‡§®‡•ã‡§Ç,‡§™‡§∞‡§ø‡§µ‡§æ‡§∞‡•ã‡§Ç‡§ï‡•ã ‡§®‡§Æ‡§®,‡§ï‡§ø‡§∏‡§æ‡§® ‡§∏‡§Ç‡§ò‡§∞‡•ç‡§∑ ‡§∞‡§Ç‡§ó ‡§≤‡§æ‡§Ø‡§æ",hi,[],[],[],9,10,47,[],[],https://twitter.com/DrPravinTogadia/status/1461601439147462658,False,0,0,,,,,,,,"[{'screen_name': 'ANI', 'name': 'ANI', 'id': '355989081'}]",,,,
1461600743262015491,1461562569693429763,2021-11-19 13:12:27 IST,2021-11-19,13:12:27,+0530,444568008,drpravintogadia,Dr Pravin Togadia,,"@sandeshnews ‡§ï‡•É‡§∑‡§ø ‡§ï‡§æ‡§®‡•Ç‡§® ‡§µ‡§æ‡§™‡§∏ ‡§≤‡•á‡§®‡•á‡§ï‡•Ä ‡§ò‡•ã‡§∑‡§£‡§æ‡§ï‡•á ‡§≤‡§ø‡§è ‡§Æ‡§æ ‡§™‡•ç‡§∞‡§ß‡§æ‡§®‡§Æ‡§Ç‡§§‡•ç‡§∞‡•Ä‡§ú‡•Ä‡§ï‡§æ ‡§¨‡§π‡•Å‡§§ ‡§Ö‡§≠‡§ø‡§®‡§Ç‡§¶‡§®!‡§¶‡•É‡§¢‡§º ‡§µ‡§ø‡§∂‡•ç‡§µ‡§æ‡§∏ ‡§π‡•à,‡§∏‡§Ç‡§∏‡§¶‡§ï‡§æ ‡§µ‡§ø‡§∂‡•á‡§∑ ‡§∏‡§§‡•ç‡§∞ ‡§¨‡•Å‡§≤‡§æ‡§ï‡§∞ ‡§ï‡§º‡§æ‡§®‡•Ç‡§®‡§µ‡§æ‡§™‡§∏‡•Ä ‡§π‡•ã‡§ó‡•Ä,‡§è‡§Æ‡§è‡§∏‡§™‡•Ä ‡§î‡§∞ ‡§¨‡§ø‡§ú‡§≤‡•Ä‡§¨‡§ø‡§≤ ‡§ï‡§æ‡§®‡•Ç‡§® ‡§≠‡•Ä ‡§®‡§ø‡§∞‡§∏‡•ç‡§§ ‡§π‡•ã‡§Ç‡§ó‡•á‡•§ ‡§¨‡§≤‡§ø‡§¶‡§æ‡§®‡•Ä 700+‡§ï‡§ø‡§∏‡§æ‡§®‡•ã‡§Ç,‡§™‡§∞‡§ø‡§µ‡§æ‡§∞‡•ã‡§Ç‡§ï‡•ã ‡§®‡§Æ‡§®,‡§ï‡§ø‡§∏‡§æ‡§® ‡§∏‡§Ç‡§ò‡§∞‡•ç‡§∑ ‡§∞‡§Ç‡§ó ‡§≤‡§æ‡§Ø‡§æ",hi,[],[],[],0,1,10,[],[],https://twitter.com/DrPravinTogadia/status/1461600743262015491,False,0,0,,,,,,,,"[{'screen_name': 'sandeshnews', 'name': 'Sandesh', 'id': '85814753'}]",,,,
1461600656108625922,1461583674499997703,2021-11-19 13:12:06 IST,2021-11-19,13:12:06,+0530,444568008,drpravintogadia,Dr Pravin Togadia,,"@VtvGujarati ‡§ï‡•É‡§∑‡§ø ‡§ï‡§æ‡§®‡•Ç‡§® ‡§µ‡§æ‡§™‡§∏ ‡§≤‡•á‡§®‡•á‡§ï‡•Ä ‡§ò‡•ã‡§∑‡§£‡§æ‡§ï‡•á ‡§≤‡§ø‡§è ‡§Æ‡§æ ‡§™‡•ç‡§∞‡§ß‡§æ‡§®‡§Æ‡§Ç‡§§‡•ç‡§∞‡•Ä‡§ú‡•Ä‡§ï‡§æ ‡§¨‡§π‡•Å‡§§ ‡§Ö‡§≠‡§ø‡§®‡§Ç‡§¶‡§®!‡§¶‡•É‡§¢‡§º ‡§µ‡§ø‡§∂‡•ç‡§µ‡§æ‡§∏ ‡§π‡•à,‡§∏‡§Ç‡§∏‡§¶‡§ï‡§æ ‡§µ‡§ø‡§∂‡•á‡§∑ ‡§∏‡§§‡•ç‡§∞ ‡§¨‡•Å‡§≤‡§æ‡§ï‡§∞ ‡§ï‡§º‡§æ‡§®‡•Ç‡§®‡§µ‡§æ‡§™‡§∏‡•Ä ‡§π‡•ã‡§ó‡•Ä,‡§è‡§Æ‡§è‡§∏‡§™‡•Ä ‡§î‡§∞ ‡§¨‡§ø‡§ú‡§≤‡•Ä‡§¨‡§ø‡§≤ ‡§ï‡§æ‡§®‡•Ç‡§® ‡§≠‡•Ä ‡§®‡§ø‡§∞‡§∏‡•ç‡§§ ‡§π‡•ã‡§Ç‡§ó‡•á‡•§ ‡§¨‡§≤‡§ø‡§¶‡§æ‡§®‡•Ä 700+‡§ï‡§ø‡§∏‡§æ‡§®‡•ã‡§Ç,‡§™‡§∞‡§ø‡§µ‡§æ‡§∞‡•ã‡§Ç‡§ï‡•ã ‡§®‡§Æ‡§®,‡§ï‡§ø‡§∏‡§æ‡§® ‡§∏‡§Ç‡§ò‡§∞‡•ç‡§∑ ‡§∞‡§Ç‡§ó ‡§≤‡§æ‡§Ø‡§æ",hi,[],[],[],1,2,14,[],[],https://twitter.com/DrPravinTogadia/status/1461600656108625922,False,0,0,,,,,,,,"[{'screen_name': 'VtvGujarati', 'name': 'VTV Gujarati News and Beyond', 'id': '588218513'}]",,,,
1461600343565824001,1461600343565824001,2021-11-19 13:10:51 IST,2021-11-19,13:10:51,+0530,444568008,drpravintogadia,Dr Pravin Togadia,,"@PTI_News @ANI @BBCHindi @AmarUjalaNews @gujratsamachar ‡§ï‡•É‡§∑‡§ø ‡§ï‡§æ‡§®‡•Ç‡§® ‡§µ‡§æ‡§™‡§∏ ‡§≤‡•á‡§®‡•á‡§ï‡•Ä ‡§ò‡•ã‡§∑‡§£‡§æ‡§ï‡•á ‡§≤‡§ø‡§è ‡§Æ‡§æ ‡§™‡•ç‡§∞‡§ß‡§æ‡§®‡§Æ‡§Ç‡§§‡•ç‡§∞‡•Ä‡§ú‡•Ä‡§ï‡§æ ‡§¨‡§π‡•Å‡§§ ‡§Ö‡§≠‡§ø‡§®‡§Ç‡§¶‡§®!‡§¶‡•É‡§¢‡§º ‡§µ‡§ø‡§∂‡•ç‡§µ‡§æ‡§∏ ‡§π‡•à,‡§∏‡§Ç‡§∏‡§¶‡§ï‡§æ ‡§µ‡§ø‡§∂‡•á‡§∑ ‡§∏‡§§‡•ç‡§∞ ‡§¨‡•Å‡§≤‡§æ‡§ï‡§∞ ‡§ï‡§º‡§æ‡§®‡•Ç‡§®‡§µ‡§æ‡§™‡§∏‡•Ä ‡§π‡•ã‡§ó‡•Ä,‡§è‡§Æ‡§è‡§∏‡§™‡•Ä ‡§î‡§∞ ‡§¨‡§ø‡§ú‡§≤‡•Ä‡§¨‡§ø‡§≤ ‡§ï‡§æ‡§®‡•Ç‡§® ‡§≠‡•Ä ‡§®‡§ø‡§∞‡§∏‡•ç‡§§ ‡§π‡•ã‡§Ç‡§ó‡•á‡•§ ‡§¨‡§≤‡§ø‡§¶‡§æ‡§®‡•Ä 700+‡§ï‡§ø‡§∏‡§æ‡§®‡•ã‡§Ç,‡§™‡§∞‡§ø‡§µ‡§æ‡§∞‡•ã‡§Ç‡§ï‡•ã ‡§®‡§Æ‡§®,‡§ï‡§ø‡§∏‡§æ‡§® ‡§∏‡§Ç‡§ò‡§∞‡•ç‡§∑ ‡§∞‡§Ç‡§ó ‡§≤‡§æ‡§Ø‡§æ",hi,"[{'screen_name': 'ani', 'name': 'ani', 'id': '355989081'}, {'screen_name': 'bbchindi', 'name': 'bbc news hindi', 'id': '372754427'}, {'screen_name': 'amarujalanews', 'name': 'amar ujala', 'id': '169018518'}, {'screen_name': 'gujratsamachar', 'name': 'gujarat samachar', 'id': '167345502'}]",[],[],17,22,59,[],[],https://twitter.com/DrPravinTogadia/status/1461600343565824001,False,0,0,,,,,,,,[],,,,
1460209197744738313,1460209197744738313,2021-11-15 17:02:56 IST,2021-11-15,17:02:56,+0530,444568008,drpravintogadia,Dr Pravin Togadia,, https://t.co/HHlVWWrjTD,und,[],[],['https://pbs.twimg.com/media/FEO0bidVQAEBggi.jpg'],12,21,123,[],[],https://twitter.com/DrPravinTogadia/status/1460209197744738313,False,0,1,https://pbs.twimg.com/media/FEO0bidVQAEBggi.jpg,,,,,,,[],,,,
1451232416740233243,1451080289027977219,2021-10-21 22:32:25 IST,2021-10-21,22:32:25,+0530,444568008,drpravintogadia,Dr Pravin Togadia,,@narendramodi @rsprasad Excellent Work üëç,en,[],[],[],3,7,92,[],[],https://twitter.com/DrPravinTogadia/status/1451232416740233243,False,0,0,,,,,,,,"[{'screen_name': 'narendramodi', 'name': 'Narendra Modi', 'id': '18839785'}, {'screen_name': 'rsprasad', 'name': 'Ravi Shankar Prasad', 'id': '2222673457'}]",,,,
1451230688724733974,1451230688724733974,2021-10-21 22:25:33 IST,2021-10-21,22:25:33,+0530,444568008,drpravintogadia,Dr Pravin Togadia,,"@narendramodi @adarpoonawalla Heartiest Congratulations to the Union Govt, all Doctors, Nurses &amp; other Medical &amp; support staff in Bharat as well as to the public for achieving the biggest goal of 100 crore Covid - 19 vaccinations in such a short time! Great work &amp; Best Wishes!",en,"[{'screen_name': 'adarpoonawalla', 'name': 'adar poonawalla', 'id': '911182427782909952'}]",[],[],11,26,137,[],[],https://twitter.com/DrPravinTogadia/status/1451230688724733974,False,0,0,,,,,,,,[],,,,
1446828466448396289,1446820197738844161,2021-10-09 18:52:41 IST,2021-10-09,18:52:41,+0530,444568008,drpravintogadia,Dr Pravin Togadia,,@VtvGujarati @AmitShah @narendramodi @Bhupendrapbjp @sanghaviharsh @gujratsamachar @abpasmitatv @VtvGujarati @sandeshnews @GujaratPolice  CONGRATULATIONS to Gujarat Gvt&amp;Gujarat Police for caring so much for abandoned baby boy&amp; finding his parents in such a short time!GREAT NOBLE WORK! Bravo!,en,"[{'screen_name': 'narendramodi', 'name': 'narendra modi', 'id': '18839785'}, {'screen_name': 'bhupendrapbjp', 'name': 'bhupendra patel', 'id': '935029805413572608'}, {'screen_name': 'sanghaviharsh', 'name': 'harsh sanghavi', 'id': '171355391'}, {'screen_name': 'gujratsamachar', 'name': 'gujarat samachar', 'id': '167345502'}, {'screen_name': 'abpasmitatv', 'name': 'abp asmita', 'id': '4297991713'}, {'screen_name': 'vtvgujarati', 'name': 'vtv gujarati news and beyond', 'id': '588218513'}, {'screen_name': 'sandeshnews', 'name': 'sandesh', 'id': '85814753'}, {'screen_name': 'gujaratpolice', 'name': 'gujarat  police', 'id': '805702426338545664'}]",[],[],0,0,5,[],[],https://twitter.com/DrPravinTogadia/status/1446828466448396289,False,0,0,,,,,,,,"[{'screen_name': 'VtvGujarati', 'name': 'VTV Gujarati News and Beyond', 'id': '588218513'}]",,,,
1446828021223022601,1446828021223022601,2021-10-09 18:50:55 IST,2021-10-09,18:50:55,+0530,444568008,drpravintogadia,Dr Pravin Togadia,,@AmitShah @narendramodi @Bhupendrapbjp @sanghaviharsh @gujratsamachar @abpasmitatv @VtvGujarati @sandeshnews @GujaratPolice  CONGRATULATIONS to Gujarat Gvt&amp;Gujarat Police for caring so much for abandoned baby boy&amp; finding his parents in such a short time!GREAT NOBLE WORK! Bravo!,en,"[{'screen_name': 'narendramodi', 'name': 'narendra modi', 'id': '18839785'}, {'screen_name': 'bhupendrapbjp', 'name': 'bhupendra patel', 'id': '935029805413572608'}, {'screen_name': 'sanghaviharsh', 'name': 'harsh sanghavi', 'id': '171355391'}, {'screen_name': 'gujratsamachar', 'name': 'gujarat samachar', 'id': '167345502'}, {'screen_name': 'abpasmitatv', 'name': 'abp asmita', 'id': '4297991713'}, {'screen_name': 'vtvgujarati', 'name': 'vtv gujarati news and beyond', 'id': '588218513'}, {'screen_name': 'sandeshnews', 'name': 'sandesh', 'id': '85814753'}, {'screen_name': 'gujaratpolice', 'name': 'gujarat  police', 'id': '805702426338545664'}]",[],[],12,16,59,[],[],https://twitter.com/DrPravinTogadia/status/1446828021223022601,False,0,0,,,,,,,,[],,,,
1446090353858076676,1446090353858076676,2021-10-07 17:59:42 IST,2021-10-07,17:59:42,+0530,444568008,drpravintogadia,Dr Pravin Togadia,,"@ANI @PTI Hindus being made victims of targeted killing in Kashmir. Rakesh Pandita,Bindruji, Teachers Deepak Chand&amp;Supinder Kaur..Long List. 1947,1990&amp; even now?Gvt abrogated Article370 with great courage,must ensure Hindu security in Kashmir. Killers of Hindus not our ancestors",en,"[{'screen_name': 'pti', 'name': 'pti', 'id': '17299063'}]",[],[],1,14,28,[],[],https://twitter.com/DrPravinTogadia/status/1446090353858076676,False,0,0,,,,,,,,[],,,,
1446089044560007178,1446089044560007178,2021-10-07 17:54:29 IST,2021-10-07,17:54:29,+0530,444568008,drpravintogadia,Dr Pravin Togadia,,"@ANI @PTI_News @AmarUjalaNews ‡§ï‡§∂‡•ç‡§Æ‡•Ä‡§∞‡§Æ‡•á‡§Ç ‡§π‡§ø‡§Ç‡§¶‡•Å‡§ì‡§Ç‡§ï‡•ã ‡§ü‡§æ‡§∞‡§ó‡•á‡§ü ‡§ï‡§∞ ‡§Æ‡§æ‡§∞‡§æ ‡§ú‡§æ ‡§∞‡§π‡§æ ‡§π‡•à‡•§‡§∞‡§æ‡§ï‡•á‡§∂ ‡§™‡§Ç‡§°‡§ø‡§§‡§æ,‡§¨‡§ø‡§Ç‡§¶‡•ç‡§∞‡•Ç‡§ú‡•Ä,‡§Ö‡§ß‡•ç‡§Ø‡§æ‡§™‡§ï ‡§¶‡•Ä‡§™‡§ï ‡§ö‡§Ç‡§¶,‡§∏‡•Å‡§™‡§ø‡§Ç‡§¶‡§∞ ‡§ï‡•å‡§∞!‡§≤‡§ø‡§∏‡•ç‡§ü ‡§≤‡§Æ‡•ç‡§¨‡•Ä!‡•ß‡•Ø‡•™‡•≠,‡•ß‡•Ø‡•Ø‡•¶,‡§Ü‡§ú ‡§≠‡•Ä?‡•©‡•≠‡•¶‡§π‡§ü‡§æ‡§®‡•á‡§ï‡§æ ‡§®‡§ø‡§∞‡•ç‡§£‡§Ø ‡§∂‡•Ç‡§∞‡§§‡§æ‡§∏‡•á ‡§ï‡§ø‡§Ø‡§æ,‡§ï‡§∂‡•ç‡§Æ‡•Ä‡§∞‡§Æ‡•á‡§Ç ‡§π‡§ø‡§Ç‡§¶‡•Å‡§ì‡§Ç‡§ï‡•Ä ‡§∏‡•Å‡§∞‡§ï‡•ç‡§∑‡§æ ‡§π‡•ã‡•§‡§π‡§ø‡§Ç‡§¶‡•Å‡§ì‡§Ç‡§ï‡•ã ‡§Æ‡§æ‡§∞‡§®‡•á‡§µ‡§æ‡§≤‡•á ‡§π‡§Æ‡§æ‡§∞‡•á ‡§™‡•Ç‡§∞‡•ç‡§µ‡§ú ‡§®‡§π‡•Ä‡§Ç,‡§ï‡•á‡§Ç‡§¶‡•ç‡§∞‡§∏‡§∞‡§ï‡§æ‡§∞ ‡§ï‡§°‡§º‡•Ä ‡§∏‡§ú‡§æ ‡§¶‡•á‡§Ç",hi,"[{'screen_name': 'pti_news', 'name': 'press trust of india', 'id': '245687754'}, {'screen_name': 'amarujalanews', 'name': 'amar ujala', 'id': '169018518'}]",[],[],4,16,44,[],[],https://twitter.com/DrPravinTogadia/status/1446089044560007178,False,0,0,,,,,,,,[],,,,
1439968894257537031,1439968894257537031,2021-09-20 20:35:12 IST,2021-09-20,20:35:12,+0530,444568008,drpravintogadia,Dr Pravin Togadia,,"@PTI @ANI @AmarUjalaNews ‡§™‡§∞‡§Æ ‡§™‡•Ç‡§ú‡§®‡•Ä‡§Ø ‡§Æ‡§π‡§Ç‡§§ ‡§®‡§∞‡•á‡§®‡•ç‡§¶‡•ç‡§∞‡§ó‡§ø‡§∞‡§ø ‡§Æ‡§π‡§æ‡§∞‡§æ‡§ú‡§ú‡•Ä, ‡§Ö‡§ß‡•ç‡§Ø‡§ï‡•ç‡§∑-‡§Ü‡§ñ‡§æ‡§°‡§º‡§æ ‡§™‡§∞‡§ø‡§∑‡§¶ ‡§¨‡•ç‡§∞‡§Æ‡•ç‡§π‡§≤‡•Ä‡§® ‡§π‡•Å‡§è‡§Å‡•§‡§à‡§∂‡•ç‡§µ‡§∞ ‡§™‡•Ç.‡§Æ‡§π‡§æ‡§∞‡§æ‡§ú‡§ú‡•Ä ‡§ï‡•Ä ‡§Ü‡§§‡•ç‡§Æ‡§æ‡§ï‡•ã ‡§∂‡§æ‡§Ç‡§§‡§ø ‡§¶‡•á‡§Ç‡•§‡§µ‡§ø‡§™‡§∞‡•Ä‡§§ ‡§™‡§∞‡§ø‡§∏‡•ç‡§•‡§ø‡§Ø‡•ã‡§Ç‡§Æ‡•á‡§Ç ‡§≠‡•Ä ‡§π‡§ø‡§Ç‡§¶‡•Å‡§§‡•ç‡§µ‡§ï‡•Ä ‡§ß‡•ç‡§µ‡§ú‡§æ ‡§≤‡•á‡§ï‡§∞ ‡§ö‡§≤‡§§‡•á‡§µ‡§æ‡§≤‡•ã‡§Ç‡§Æ‡•á‡§Ç‡§∏‡•á ‡§è‡§ï ‡§¨‡§°‡§º‡§æ ‡§Ü‡§ß‡§æ‡§∞ ‡§•‡•á ‡§Æ‡§π‡§æ‡§∞‡§æ‡§ú‡§ú‡•Ä‡•§‡§Ö‡§™‡•Ç‡§∞‡§£‡•Ä‡§Ø ‡§ï‡•ç‡§∑‡§§‡§ø ‡§π‡•Å‡§Ø‡•Ä ‡§Ü‡§ú ‡§π‡§ø‡§Ç‡§¶‡•Å‡§§‡•ç‡§µ‡§ï‡•Ä ‡§â‡§®‡§ï‡•á ‡§ú‡§æ‡§®‡•á‡§∏‡•á‡•§ ‡•ê ‡§∂‡§æ‡§Ç‡§§‡§ø!",hi,"[{'screen_name': 'ani', 'name': 'ani', 'id': '355989081'}, {'screen_name': 'amarujalanews', 'name': 'amar ujala', 'id': '169018518'}]",[],[],4,9,41,[],[],https://twitter.com/DrPravinTogadia/status/1439968894257537031,False,0,0,,,,,,,,[],,,,
1439966542486118401,1439966542486118401,2021-09-20 20:25:51 IST,2021-09-20,20:25:51,+0530,444568008,drpravintogadia,Dr Pravin Togadia,,"‡§™‡§∞‡§Æ ‡§™‡•Ç‡§ú‡§®‡•Ä‡§Ø ‡§Æ‡§π‡§Ç‡§§ ‡§®‡§∞‡•á‡§®‡•ç‡§¶‡•ç‡§∞‡§ó‡§ø‡§∞‡§ø ‡§Æ‡§π‡§æ‡§∞‡§æ‡§ú‡§ú‡•Ä, ‡§Ö‡§ß‡•ç‡§Ø‡§ï‡•ç‡§∑-‡§Ü‡§ñ‡§æ‡§°‡§º‡§æ ‡§™‡§∞‡§ø‡§∑‡§¶ ‡§¨‡•ç‡§∞‡§Æ‡•ç‡§π‡§≤‡•Ä‡§® ‡§π‡•Å‡§è‡§Å‡•§‡§à‡§∂‡•ç‡§µ‡§∞ ‡§™‡•Ç.‡§Æ‡§π‡§æ‡§∞‡§æ‡§ú‡§ú‡•Ä‡§ï‡•Ä ‡§Ü‡§§‡•ç‡§Æ‡§æ‡§ï‡•ã ‡§∂‡§æ‡§Ç‡§§‡§ø ‡§¶‡•á‡§Ç‡•§ ‡§µ‡§ø‡§™‡§∞‡•Ä‡§§ ‡§™‡§∞‡§ø‡§∏‡•ç‡§•‡§ø‡§Ø‡•ã‡§Ç‡§Æ‡•á‡§Ç ‡§≠‡•Ä ‡§π‡§ø‡§Ç‡§¶‡•Å‡§§‡•ç‡§µ‡§ï‡•Ä ‡§ß‡•ç‡§µ‡§ú‡§æ ‡§≤‡•á‡§ï‡§∞ ‡§ö‡§≤‡§§‡•á‡§µ‡§æ‡§≤‡•ã‡§Ç‡§Æ‡•á‡§Ç‡§∏‡•á ‡§è‡§ï ‡§¨‡§°‡§º‡§æ ‡§Ü‡§ß‡§æ‡§∞ ‡§•‡•á ‡§Æ‡§π‡§æ‡§∞‡§æ‡§ú‡§ú‡•Ä‡•§‡§Ö‡§™‡•Ç‡§∞‡§£‡•Ä‡§Ø ‡§ï‡•ç‡§∑‡§§‡§ø ‡§π‡•Å‡§Ø‡•Ä ‡§π‡•à ‡§Ü‡§ú ‡§π‡§ø‡§Ç‡§¶‡•Å‡§§‡•ç‡§µ ‡§ï‡•Ä ‡§â‡§® ‡§ï‡•á ‡§ú‡§æ‡§®‡•á ‡§∏‡•á‡•§ ‡•ê ‡§∂‡§æ‡§Ç‡§§‡§ø, ‡§®‡§Æ‡§® ‡§™‡•ç‡§∞‡§£‡§æ‡§Æ!",hi,[],[],[],22,62,271,[],[],https://twitter.com/DrPravinTogadia/status/1439966542486118401,False,0,0,,,,,,,,[],,,,
1437024507827343366,1437024507827343366,2021-09-12 17:35:15 IST,2021-09-12,17:35:15,+0530,444568008,drpravintogadia,Dr Pravin Togadia,,"@Bhupendrapbjp @narendramodi @anandibenpatel @AmitShah @CRPaatil @PTI_News  ‡§ó‡•Å‡§ú‡§∞‡§æ‡§§ ‡§∏‡•Ä‡§è‡§Æ ‡§∂‡•ç‡§∞‡•Ä ‡§≠‡•Å‡§™‡•á‡§®‡•ç‡§¶‡•ç‡§∞‡§≠‡§æ‡§à ‡§™‡§ü‡•á‡§≤‡§ú‡•Ä‡§ï‡§æ ‡§¨‡§π‡•Å‡§§ ‡§Ö‡§≠‡§ø‡§®‡§Ç‡§¶‡§®;‡§∂‡•Å‡§≠‡§ï‡§æ‡§Æ‡§®‡§æ!‡§Æ‡•Å‡§ñ‡•ç‡§Ø‡§Æ‡§Ç‡§§‡•ç‡§∞‡•Ä‡§ú‡•Ä,‡§Ü‡§™‡§ï‡•á ‡§®‡•á‡§§‡•É‡§§‡•ç‡§µ‡§Æ‡•á‡§Ç ‡§î‡§∞ ‡§∂‡•ç‡§∞‡•Ä ‡§Æ‡•ã‡§¶‡•Ä‡§ú‡•Ä,‡§∂‡•ç‡§∞‡•Ä ‡§∂‡§æ‡§π‡§ú‡•Ä,‡§∂‡•ç‡§∞‡•Ä ‡§™‡§æ‡§ü‡§ø‡§≤‡§ú‡•Ä, ‡§Ü‡§®‡§Ç‡§¶‡•Ä‡§¨‡•á‡§® ‡§™‡§ü‡•á‡§≤‡§ú‡•Ä‡§ï‡•á ‡§Æ‡§æ‡§∞‡•ç‡§ó‡§¶‡§∞‡•ç‡§∂‡§®‡§Æ‡•á‡§Ç ‡§ó‡•Å‡§ú‡§∞‡§æ‡§§ ‡§î‡§∞ ‡§Ü‡§ó‡•á ‡§¨‡§¢‡§º‡•á‡§ó‡§æ,‡§Ø‡§π ‡§¶‡•É‡§¢‡§º ‡§µ‡§ø‡§∂‡•ç‡§µ‡§æ‡§∏ ‡§π‡•à‡•§",hi,"[{'screen_name': 'narendramodi', 'name': 'narendra modi', 'id': '18839785'}, {'screen_name': 'anandibenpatel', 'name': 'anandiben patel', 'id': '378056166'}, {'screen_name': 'amitshah', 'name': 'amit shah', 'id': '1447949844'}, {'screen_name': 'crpaatil', 'name': 'c r paatil', 'id': '305603067'}, {'screen_name': 'pti_news', 'name': 'press trust of india', 'id': '245687754'}]",[],[],1,6,40,[],[],https://twitter.com/DrPravinTogadia/status/1437024507827343366,False,0,0,,,,,,,,[],,,,
1429124500965138437,1429124500965138437,2021-08-21 22:23:27 IST,2021-08-21,22:23:27,+0530,444568008,drpravintogadia,Dr Pravin Togadia,,"@ANI @PTI_News @AmarUjalaNews ‡§ï‡§≤‡•ç‡§Ø‡§æ‡§£ ‡§∏‡§ø‡§Ç‡§π‡§ú‡•Ä ‡§ú‡§æ‡§®‡•á‡§∏‡•á ‡§Ö‡§™‡§®‡§æ ‡§ï‡•ã‡§à ‡§ó‡§Ø‡§æ‡•§‡§∞‡§æ‡§Æ‡§Æ‡§Ç‡§¶‡§ø‡§∞ ‡§Ü‡§Ç‡§¶‡•ã‡§≤‡§®‡§ï‡•á1‡§§‡•ç‡§Ø‡§æ‡§ó‡•Ä ‡§π‡§ø‡§Ç‡§¶‡•Ç ‡§ó‡§è‡§Å! ‡§∞‡§æ‡§Æ‡§Æ‡§Ç‡§¶‡§ø‡§∞‡§ï‡•á ‡§≤‡§ø‡§è ‡§∏‡•Ä‡§è‡§Æ ‡§ï‡•Ä ‡§ï‡•Å‡§∞‡•ç‡§∏‡•Ä ‡§§‡•ç‡§Ø‡§æ‡§ó‡•Ä,‡§∞‡§æ‡§Æ‡§Æ‡§Ç‡§¶‡§ø‡§∞‡§ï‡•á ‡§Ü‡§ó‡•á ‡§∏‡§§‡•ç‡§§‡§æ‡§ï‡§æ ‡§Æ‡•ã‡§π ‡§®‡§π‡•Ä‡§Ç ‡§∞‡§ñ‡§æ,‡§ï‡§ø‡§∏‡•Ä ‡§ï‡§æ‡§∞‡§∏‡•á‡§µ‡§ï‡§™‡§∞ ‡§ó‡•ã‡§≤‡•Ä ‡§®‡§π‡•Ä‡§Ç ‡§ö‡§≤‡§®‡•á ‡§¶‡•Ä ‡§•‡•Ä‡•§‡§∞‡§æ‡§Æ‡§Æ‡§Ç‡§¶‡§ø‡§∞ ‡§¨‡§®‡§®‡•á‡§Æ‡•á‡§Ç ‡§ï‡§≤‡•ç‡§Ø‡§æ‡§£‡§∏‡§ø‡§Ç‡§π‡§ú‡•Ä‡§ï‡•Ä ‡§¨‡§°‡§º‡•Ä ‡§≠‡•Ç‡§Æ‡§ø‡§ï‡§æ ‡§∞‡§π‡•Ä‡•§‡§à‡§∂‡•ç‡§µ‡§∞ ‡§â‡§®‡•ç‡§π‡•á‡§Ç ‡§∂‡§æ‡§Ç‡§§‡§ø ‡§¶‡•á‡§Ç  https://t.co/zvBnwEADPi",hi,"[{'screen_name': 'pti_news', 'name': 'press trust of india', 'id': '245687754'}, {'screen_name': 'amarujalanews', 'name': 'amar ujala', 'id': '169018518'}]",[],['https://pbs.twimg.com/media/E9VD0wnUYAUcDIG.jpg'],22,54,209,[],[],https://twitter.com/DrPravinTogadia/status/1429124500965138437,False,0,1,https://pbs.twimg.com/media/E9VD0wnUYAUcDIG.jpg,,,,,,,[],,,,
1417454016217325569,1417453738822750211,2021-07-20 17:29:07 IST,2021-07-20,17:29:07,+0530,444568008,drpravintogadia,Dr Pravin Togadia,,"@aajtak Even though my name figures in Pegasus list,we trust that the Gvt would investigate the matter democratically. All our Sathis are requested to maintain peace. ‡§π‡§Æ‡•á‡§Ç ‡§µ‡§ø‡§∂‡•ç‡§µ‡§æ‡§∏ ‡§π‡•à ‡§ï‡§ø ‡§∏‡§∞‡§ï‡§æ‡§∞ ‡§á‡§∏ ‡§Æ‡§æ‡§Æ‡§≤‡•á ‡§ï‡•Ä ‡§ú‡§æ‡§Å‡§ö ‡§≤‡•ã‡§ï‡§§‡§æ‡§Ç‡§§‡•ç‡§∞‡§ø‡§ï ‡§∞‡•Ä‡§§‡§ø ‡§∏‡•á ‡§ï‡§∞‡•á‡§ó‡•Ä‡•§ ‡§π‡§Æ‡§æ‡§∞‡•á ‡§∏‡§≠‡•Ä ‡§∏‡§æ‡§•‡§ø‡§Ø‡•ã‡§Ç‡§∏‡•á ‡§®‡§ø‡§µ‡•á‡§¶‡§® ‡§π‡•à ‡§ï‡§ø ‡§∂‡§æ‡§Ç‡§§‡§ø ‡§¨‡§®‡§æ‡§è‡§Å ‡§∞‡§ñ‡•á‡§Ç‡•§  https://t.co/6HqjypHNkT",und,[],[],['https://pbs.twimg.com/media/E6vO2QfVgAAuH_j.jpg'],5,10,23,[],[],https://twitter.com/DrPravinTogadia/status/1417454016217325569,False,0,1,https://pbs.twimg.com/media/E6vO2QfVgAAuH_j.jpg,,,,,,,"[{'screen_name': 'aajtak', 'name': 'AajTak', 'id': '42606652'}]",,,,
1417453816631357444,1417453816631357444,2021-07-20 17:28:19 IST,2021-07-20,17:28:19,+0530,444568008,drpravintogadia,Dr Pravin Togadia,,"@AmarUjalaNews @PTI_News Even though my name figures in Pegasus list,we trust that Gvt would investigate the matter democratically. All our Sathis are requested to maintain peace. ‡§π‡§Æ‡•á‡§Ç ‡§µ‡§ø‡§∂‡•ç‡§µ‡§æ‡§∏ ‡§π‡•à ‡§ï‡§ø ‡§∏‡§∞‡§ï‡§æ‡§∞ ‡§Æ‡§æ‡§Æ‡§≤‡•á ‡§ï‡•Ä ‡§ú‡§æ‡§Å‡§ö ‡§≤‡•ã‡§ï‡§§‡§æ‡§Ç‡§§‡•ç‡§∞‡§ø‡§ï ‡§∞‡•Ä‡§§‡§ø‡§∏‡•á ‡§ï‡§∞‡•á‡§ó‡•Ä‡•§‡§∏‡§≠‡•Ä ‡§∏‡§æ‡§•‡§ø‡§Ø‡•ã‡§Ç‡§∏‡•á ‡§®‡§ø‡§µ‡•á‡§¶‡§® ‡§π‡•à ‡§∂‡§æ‡§Ç‡§§‡§ø ‡§∞‡§ñ‡•á‡§Ç‡•§  https://t.co/k6QclH9iil",und,"[{'screen_name': 'pti_news', 'name': 'press trust of india', 'id': '245687754'}]",[],"['https://pbs.twimg.com/media/E6vOj-JVUAQcA7z.jpg', 'https://pbs.twimg.com/media/E6vOtmXUUAUtaWk.jpg']",2,6,6,[],[],https://twitter.com/DrPravinTogadia/status/1417453816631357444,False,0,1,https://pbs.twimg.com/media/E6vOj-JVUAQcA7z.jpg,,,,,,,[],,,,
1417452926360903682,1417452926360903682,2021-07-20 17:24:47 IST,2021-07-20,17:24:47,+0530,444568008,drpravintogadia,Dr Pravin Togadia,,"Even though my name figures in Pegasus list,we trust that the Gvt would investigate the matter democratically. All our Sathis are requested to maintain peace. ‡§π‡§Æ‡•á‡§Ç ‡§µ‡§ø‡§∂‡•ç‡§µ‡§æ‡§∏ ‡§π‡•à ‡§ï‡§ø ‡§∏‡§∞‡§ï‡§æ‡§∞ ‡§á‡§∏ ‡§Æ‡§æ‡§Æ‡§≤‡•á ‡§ï‡•Ä ‡§ú‡§æ‡§Å‡§ö ‡§≤‡•ã‡§ï‡§§‡§æ‡§Ç‡§§‡•ç‡§∞‡§ø‡§ï ‡§∞‡•Ä‡§§‡§ø ‡§∏‡•á ‡§ï‡§∞‡•á‡§ó‡•Ä‡•§ ‡§π‡§Æ‡§æ‡§∞‡•á ‡§∏‡§≠‡•Ä ‡§∏‡§æ‡§•‡§ø‡§Ø‡•ã‡§Ç‡§∏‡•á ‡§®‡§ø‡§µ‡•á‡§¶‡§® ‡§π‡•à ‡§ï‡§ø ‡§∂‡§æ‡§Ç‡§§‡§ø ‡§¨‡§®‡§æ‡§è‡§Å ‡§∞‡§ñ‡•á‡§Ç‡•§  https://t.co/BTVT7bGcrQ",und,[],[],"['https://pbs.twimg.com/media/E6vMs-BVEAAKEGG.jpg', 'https://pbs.twimg.com/media/E6vMu5zVIAA7Rww.jpg']",26,64,221,[],[],https://twitter.com/DrPravinTogadia/status/1417452926360903682,False,0,1,https://pbs.twimg.com/media/E6vMs-BVEAAKEGG.jpg,,,,,,,[],,,,
1401131864501325826,1401131864501325826,2021-06-05 16:30:42 IST,2021-06-05,16:30:42,+0530,444568008,drpravintogadia,Dr Pravin Togadia,,"@narendramodi @AmitShah @vijayrupanibjp @Nitinbhai_Patel ‡§Ö‡§≠‡§ø‡§®‡§Ç‡§¶‡§® ‡§ó‡•Å‡§ú‡§∞‡§æ‡§§ ‡§∏‡§∞‡§ï‡§æ‡§∞!‡§ß‡§∞‡•ç‡§Æ‡§∏‡•ç‡§µ‡§§‡§®‡•ç‡§§‡•ç‡§∞‡§§‡§æ ‡§µ‡§ø‡§ß‡•á‡§Ø‡§ï ‡§™‡§æ‡§∞‡§ø‡§§ ‡§ï‡§∞ ‡§≤‡§µ‡§ú‡§ø‡§π‡§æ‡§¶ ‡§∞‡•ã‡§ï‡§®‡•á‡§ï‡•Ä ‡§ì‡§∞ ‡§¨‡§°‡§º‡§æ ‡§ï‡§¶‡§Æ!‡§∏‡§≠‡•Ä ‡§∞‡§æ‡§ú‡•ç‡§Ø /‡§ï‡•á‡§Ç‡§¶‡•ç‡§∞ ‡§Ø‡§π ‡§ï‡§æ‡§®‡•Ç‡§® ‡§¨‡§®‡§æ‡§è‡§Å‡§ó‡•á,‡§â‡§Æ‡•ç‡§Æ‡•Ä‡§¶ ‡§π‡•à‡•§Congrats Gujarat Gvt!Big step of passing anti LoveJihad law. Hope all states, Center would follow  https://t.co/hljdeatpE6",und,"[{'screen_name': 'amitshah', 'name': 'amit shah', 'id': '1447949844'}, {'screen_name': 'vijayrupanibjp', 'name': 'vijay rupani', 'id': '627355202'}, {'screen_name': 'nitinbhai_patel', 'name': 'nitin patel', 'id': '478469228'}]",[],"['https://pbs.twimg.com/media/E3HQ91IVEAELx_E.jpg', 'https://pbs.twimg.com/media/E3HQ_aQVoAAEwr6.jpg']",25,41,179,[],[],https://twitter.com/DrPravinTogadia/status/1401131864501325826,False,0,1,https://pbs.twimg.com/media/E3HQ91IVEAELx_E.jpg,,,,,,,[],,,,
1392423884398415875,1388148778230706178,2021-05-12 15:48:18 IST,2021-05-12,15:48:18,+0530,444568008,drpravintogadia,Dr Pravin Togadia,,@adityahnd @PTI @ANI @JagranNews @AmarUjalaNews üôèüôè,und,[],[],[],0,0,5,[],[],https://twitter.com/DrPravinTogadia/status/1392423884398415875,False,0,0,,,,,,,,"[{'screen_name': 'adityahnd', 'name': 'Aditya Panchal', 'id': '812501643614949376'}, {'screen_name': 'PTI', 'name': 'PTI', 'id': '17299063'}, {'screen_name': 'ANI', 'name': 'ANI', 'id': '355989081'}, {'screen_name': 'JagranNews', 'name': 'Dainik Jagran', 'id': '64639742'}, {'screen_name': 'AmarUjalaNews', 'name': 'Amar Ujala', 'id': '169018518'}]",,,,
1392423420009357314,1392423420009357314,2021-05-12 15:46:27 IST,2021-05-12,15:46:27,+0530,444568008,drpravintogadia,Dr Pravin Togadia,, https://t.co/YkIQsrRsjb,und,[],[],['https://pbs.twimg.com/media/E1LhsXAXsAAgOL9.jpg'],24,31,244,[],[],https://twitter.com/DrPravinTogadia/status/1392423420009357314,False,0,1,https://pbs.twimg.com/media/E1LhsXAXsAAgOL9.jpg,,,,,,,[],,,,
1388148778230706178,1388148778230706178,2021-04-30 20:40:33 IST,2021-04-30,20:40:33,+0530,444568008,drpravintogadia,Dr Pravin Togadia,,@PTI @ANI @JagranNews @AmarUjalaNews  https://t.co/1cYPdOCnHv,und,"[{'screen_name': 'ani', 'name': 'ani', 'id': '355989081'}, {'screen_name': 'jagrannews', 'name': 'dainik jagran', 'id': '64639742'}, {'screen_name': 'amarujalanews', 'name': 'amar ujala', 'id': '169018518'}]",[],['https://pbs.twimg.com/media/E0OxxvnUYAQ0SaH.jpg'],17,8,44,[],[],https://twitter.com/DrPravinTogadia/status/1388148778230706178,False,0,1,https://pbs.twimg.com/media/E0OxxvnUYAQ0SaH.jpg,,,,,,,[],,,,
1388147881454891012,1388147881454891012,2021-04-30 20:37:00 IST,2021-04-30,20:37:00,+0530,444568008,drpravintogadia,Dr Pravin Togadia,,"@PTI_News @AmarUjalaNews @ANI @narendramodi @AmitShah ‡§∞‡•ã‡§π‡§ø‡§§ ‡§∏‡§∞‡§ß‡§æ‡§®‡§æ‡§ï‡§æ ‡§ú‡§æ‡§®‡§æ!‡§∏‡•Å‡§®‡•ç‡§® ‡§ï‡§∞ ‡§ó‡§Ø‡§æ! ‡§ï‡•ã‡§∞‡•ã‡§®‡§æ ‡§ï‡§Æ‡•ç‡§™‡•ç‡§≤‡§ø‡§ï‡•á‡§∂‡§®‡•ç‡§∏ ‡§∂‡§∞‡•Ä‡§∞‡§ï‡•ã ‡§§‡§æ‡§∞ ‡§§‡§æ‡§∞ ‡§ï‡§∞‡§§‡•á ‡§π‡•à‡§Ç‡•§‡•® ‡§≤‡§æ‡§ñ‡§∏‡•á ‡§ú‡•ç‡§Ø‡§æ‡§¶‡§æ ‡§≠‡§æ‡§∞‡§§‡•Ä‡§Ø ‡§ó‡§è‡§Å! ‡§∏‡§≠‡•Ä‡§®‡•á ‡§∏‡§∞‡§ï‡§æ‡§∞‡•ã‡§Ç ‡§Ö‡§∏‡•ç‡§™‡§§‡§æ‡§≤‡•ã‡§Ç,‡§∏‡§Ç‡§∏‡•ç‡§•‡§æ‡§ì‡§Ç‡§ï‡•á ‡§™‡•ç‡§∞‡§Ø‡§æ‡§∏‡•ã‡§Ç‡§Æ‡•á‡§Ç ‡§π‡§æ‡§• ‡§¨‡§Å‡§ü‡§æ‡§ï‡§∞ ‡§è‡§ï ‡§π‡•ã‡§ï‡§∞ ‡§≠‡§æ‡§∞‡§§‡§ï‡•ã ‡§ï‡•ã‡§∞‡•ã‡§®‡§æ ‡§∏‡•á ‡§¨‡§ö‡§æ‡§®‡§æ ‡§ö‡§æ‡§π‡§ø‡§è‡•§ ‡§Ö‡§¨ ‡§®‡§π‡•Ä‡§Ç ‡§§‡•ã ‡§ï‡§≠‡•Ä ‡§®‡§π‡•Ä‡§Ç‡•§",hi,"[{'screen_name': 'amarujalanews', 'name': 'amar ujala', 'id': '169018518'}, {'screen_name': 'ani', 'name': 'ani', 'id': '355989081'}, {'screen_name': 'narendramodi', 'name': 'narendra modi', 'id': '18839785'}, {'screen_name': 'amitshah', 'name': 'amit shah', 'id': '1447949844'}]",[],[],2,7,20,[],[],https://twitter.com/DrPravinTogadia/status/1388147881454891012,False,0,0,,,,,,,,[],,,,
1387734010495791107,1387734010495791107,2021-04-29 17:12:25 IST,2021-04-29,17:12:25,+0530,444568008,drpravintogadia,Dr Pravin Togadia,,@ANI @PTI_News @gujratsamachar @AmarUjalaNews @JagranNews @DainikBhaskar @rajivkhandekar @amitabhnews18 @TeamNews24  AHP IHL Corona Care Task Force 2021  https://t.co/BjrJtmtnGY,in,"[{'screen_name': 'pti_news', 'name': 'press trust of india', 'id': '245687754'}, {'screen_name': 'gujratsamachar', 'name': 'gujarat samachar', 'id': '167345502'}, {'screen_name': 'amarujalanews', 'name': 'amar ujala', 'id': '169018518'}, {'screen_name': 'jagrannews', 'name': 'dainik jagran', 'id': '64639742'}, {'screen_name': 'dainikbhaskar', 'name': 'dainik bhaskar', 'id': '67378160'}, {'screen_name': 'rajivkhandekar', 'name': 'rajiv khandekar', 'id': '109823938'}, {'screen_name': 'amitabhnews18', 'name': 'amitabh sinha', 'id': '245284856'}, {'screen_name': 'teamnews24', 'name': 'team news24', 'id': '20050498'}]",[],"['https://pbs.twimg.com/media/E0I3jHCVIAIRHMw.jpg', 'https://pbs.twimg.com/media/E0I3kefUcAMsqz7.jpg']",5,8,30,[],[],https://twitter.com/DrPravinTogadia/status/1387734010495791107,False,0,1,https://pbs.twimg.com/media/E0I3jHCVIAIRHMw.jpg,,,,,,,[],,,,
1375092755643392003,1375092755643392003,2021-03-25 20:00:35 IST,2021-03-25,20:00:35,+0530,444568008,drpravintogadia,Dr Pravin Togadia,,"@narendramodi @AmitShah Assam, Bengal elections first phase to start! United, Hindu Sathis should vote for change. ‡§Ü‡§∏‡§æ‡§Æ ‡§î‡§∞ ‡§¨‡§Ç‡§ó‡§æ‡§≤ ‡§ö‡•Å‡§®‡§æ‡§µ‡•ã‡§Ç ‡§ï‡§æ ‡§™‡§π‡§≤‡§æ ‡§ö‡§∞‡§£ ‡§Ö‡§¨ ‡§π‡•ã‡§ó‡§æ‡•§ ‡§è‡§ï ‡§π‡•ã‡§ï‡§∞ ‡§∏‡§≠‡•Ä ‡§π‡§ø‡§Ç‡§¶‡•Ç ‡§∏‡§æ‡§•‡•Ä ‡§™‡§∞‡§ø‡§µ‡§∞‡•ç‡§§‡§® ‡§ï‡•á ‡§≤‡§ø‡§è ‡§Æ‡§§‡§¶‡§æ‡§® ‡§ï‡§∞‡•á‡§Ç‡•§",und,"[{'screen_name': 'amitshah', 'name': 'amit shah', 'id': '1447949844'}]",[],[],11,22,130,[],[],https://twitter.com/DrPravinTogadia/status/1375092755643392003,False,0,0,,,,,,,,[],,,,
1375092487073771520,1375092487073771520,2021-03-25 19:59:31 IST,2021-03-25,19:59:31,+0530,444568008,drpravintogadia,Dr Pravin Togadia,,"Assam, Bengal elections first phase to start! United, Hindu Sathis should vote for change. ‡§Ü‡§∏‡§æ‡§Æ ‡§î‡§∞ ‡§¨‡§Ç‡§ó‡§æ‡§≤ ‡§ö‡•Å‡§®‡§æ‡§µ‡•ã‡§Ç ‡§ï‡§æ ‡§™‡§π‡§≤‡§æ ‡§ö‡§∞‡§£ ‡§Ö‡§¨ ‡§π‡•ã‡§ó‡§æ‡•§ ‡§è‡§ï ‡§π‡•ã‡§ï‡§∞ ‡§∏‡§≠‡•Ä ‡§π‡§ø‡§Ç‡§¶‡•Ç ‡§∏‡§æ‡§•‡•Ä ‡§™‡§∞‡§ø‡§µ‡§∞‡•ç‡§§‡§® ‡§ï‡•á ‡§≤‡§ø‡§è ‡§Æ‡§§‡§¶‡§æ‡§® ‡§ï‡§∞‡•á‡§Ç‡•§",und,[],[],[],33,46,363,[],[],https://twitter.com/DrPravinTogadia/status/1375092487073771520,False,0,0,,,,,,,,[],,,,
1366393713480491009,1366200664402006016,2021-03-01 19:53:42 IST,2021-03-01,19:53:42,+0530,444568008,drpravintogadia,Dr Pravin Togadia,,@narendramodi Badhiya! üëçüëç,hi,[],[],[],2,5,79,[],[],https://twitter.com/DrPravinTogadia/status/1366393713480491009,False,0,0,,,,,,,,"[{'screen_name': 'narendramodi', 'name': 'Narendra Modi', 'id': '18839785'}]",,,,
1366393210944163841,1366393210944163841,2021-03-01 19:51:42 IST,2021-03-01,19:51:42,+0530,444568008,drpravintogadia,Dr Pravin Togadia,, https://t.co/QeoHKzi4Xz,und,[],[],['https://pbs.twimg.com/media/EvZnW-OVEAEZ_6L.jpg'],26,37,375,[],[],https://twitter.com/DrPravinTogadia/status/1366393210944163841,False,0,1,https://pbs.twimg.com/media/EvZnW-OVEAEZ_6L.jpg,,,,,,,[],,,,
1321725966054379521,1321725966054379521,2020-10-29 13:40:01 IST,2020-10-29,13:40:01,+0530,444568008,drpravintogadia,Dr Pravin Togadia,,"@gujratsamachar @abpasmitatv ‡§Ö‡§∏‡§≤‡•Ä ‡§ú‡§®‡§®‡•á‡§§‡§æ ‡§ï‡•á‡§∂‡•Å‡§≠‡§æ‡§à ‡§™‡§ü‡•á‡§≤ ‡§ó‡§è‡§Å!‡§ï‡§ø‡§∏‡§æ‡§®‡•ã‡§Ç,‡§Ø‡•Å‡§µ‡§æ‡§ì‡§Ç‡§ï‡•á ‡§≤‡§ø‡§è ‡§â‡§®‡§ï‡•á ‡§Ö‡§•‡§ï ‡§ï‡§æ‡§Æ ‡§ï‡•ã‡§à ‡§®‡§π‡•Ä‡§Ç ‡§≠‡•Ç‡§≤‡•á‡§ó‡§æ‡•§‡§∞‡§æ‡§§‡§Æ‡•á‡§Ç ‡§ó‡§æ‡§Å‡§µ‡•ã‡§Ç‡§Æ‡•á‡§Ç ‡§¨‡§ø‡§ú‡§≤‡•Ä‡§ï‡•Ä ‡§ú‡•ç‡§Ø‡•ã‡§§‡§ø‡§ó‡•ç‡§∞‡§æ‡§Æ ‡§Ø‡•ã‡§ú‡§®‡§æ,‡§™‡§æ‡§®‡•Ä‡§ï‡•á ‡§≤‡§ø‡§è ‡§ö‡•á‡§ï‡§°‡•à‡§Æ!‡§ó‡•Å‡§ú‡§∞‡§æ‡§§‡§ï‡•ã ‡§ï‡•á‡§∂‡•Å‡§≠‡§æ‡§à‡§ï‡•Ä ‡§ï‡§Æ‡•Ä ‡§ñ‡§≤‡•á‡§ó‡•Ä‡•§‡§Æ‡•á‡§∞‡•á ‡§™‡§ø‡§§‡§æ‡§§‡•Å‡§≤‡•ç‡§Ø ‡§Æ‡§æ‡§∞‡•ç‡§ó‡§¶‡§∞‡•ç‡§∂‡§ï,‡§∏‡§ø‡§¶‡•ç‡§ß‡§æ‡§Ç‡§§‡§ï‡•á ‡§≤‡§ø‡§è ‡§∏‡§æ‡§π‡§∏‡§∏‡•á ‡§ñ‡§°‡§º‡•á ‡§ï‡•á‡§∂‡•Å‡§≠‡§æ‡§à‡§ï‡•ã ‡§π‡•É‡§¶‡§Ø‡§∏‡•á ‡§∂‡•ç‡§∞‡§¶‡•ç‡§ß‡§æ‡§Ç‡§ú‡§≤‡§ø!  https://t.co/JUIeWJEEPX",hi,"[{'screen_name': 'abpasmitatv', 'name': 'abp asmita', 'id': '4297991713'}]",[],"['https://pbs.twimg.com/media/Ele2OBhU4AApyyr.jpg', 'https://pbs.twimg.com/media/Ele2QF_VoAELKDY.jpg']",8,7,76,[],[],https://twitter.com/DrPravinTogadia/status/1321725966054379521,False,0,1,https://pbs.twimg.com/media/Ele2OBhU4AApyyr.jpg,,,,,,,[],,,,
1320303571749883906,1320303571749883906,2020-10-25 15:27:56 IST,2020-10-25,15:27:56,+0530,444568008,drpravintogadia,Dr Pravin Togadia,, https://t.co/eVtR1ZbmSe,und,[],[],['https://pbs.twimg.com/media/ElKpCZdUcAA457X.jpg'],36,30,359,[],[],https://twitter.com/DrPravinTogadia/status/1320303571749883906,False,0,1,https://pbs.twimg.com/media/ElKpCZdUcAA457X.jpg,,,,,,,[],,,,
1318533013488037888,1318529843856691200,2020-10-20 18:12:22 IST,2020-10-20,18:12:22,+0530,444568008,drpravintogadia,Dr Pravin Togadia,,@narendramodi üëç,und,[],[],[],4,3,32,[],[],https://twitter.com/DrPravinTogadia/status/1318533013488037888,False,0,0,,,,,,,,"[{'screen_name': 'narendramodi', 'name': 'Narendra Modi', 'id': '18839785'}]",,,,
1311585097179525120,1311585097179525120,2020-10-01 14:03:49 IST,2020-10-01,14:03:49,+0530,444568008,drpravintogadia,Dr Pravin Togadia,,@PTI_News @ANINewsUP @cnni @JagranNews @danikbhaskar  https://t.co/StgjXmFijH,und,"[{'screen_name': 'aninewsup', 'name': 'ani up', 'id': '706709499856334848'}, {'screen_name': 'cnni', 'name': 'cnn international', 'id': '2097571'}, {'screen_name': 'jagrannews', 'name': 'dainik jagran', 'id': '64639742'}, {'screen_name': 'danikbhaskar', 'name': 'bhaskar.com', 'id': '39244713'}]",[],['https://pbs.twimg.com/media/EjOvGz6VgAE0wLW.jpg'],2,5,40,[],[],https://twitter.com/DrPravinTogadia/status/1311585097179525120,False,0,1,https://pbs.twimg.com/media/EjOvGz6VgAE0wLW.jpg,,,,,,,[],,,,
1311584353688776705,1311568813473792000,2020-10-01 14:00:52 IST,2020-10-01,14:00:52,+0530,444568008,drpravintogadia,Dr Pravin Togadia,,@BBCHindi Absolutely NO  https://t.co/roMq9J162w,en,[],[],['https://pbs.twimg.com/media/EjOu8WFU0AAQm43.jpg'],2,3,22,[],[],https://twitter.com/DrPravinTogadia/status/1311584353688776705,False,0,1,https://pbs.twimg.com/media/EjOu8WFU0AAQm43.jpg,,,,,,,"[{'screen_name': 'BBCHindi', 'name': 'BBC News Hindi', 'id': '372754427'}]",,,,
1311215382493949953,1311215382493949953,2020-09-30 13:34:43 IST,2020-09-30,13:34:43,+0530,444568008,drpravintogadia,Dr Pravin Togadia,,"@narendramodi @AmitShah @PTI_News ‡•®‡•Æ ‡§µ‡§∞‡•ç‡§∑‡•ã‡§Ç ‡§¨‡§æ‡§¶ ‡§®‡•ç‡§Ø‡§æ‡§Ø ‡§Æ‡§ø‡§≤‡§æ‡•§ ‡§¨‡§æ‡§¨‡§∞‡•Ä ‡§¢‡§æ‡§Å‡§ö‡§æ ‡§Æ‡•Å‡§ï‡§º‡§¶‡§Æ‡•á‡§Æ‡•á‡§Ç ‡§∏‡§≠‡•Ä ‡•©‡•® ‡§π‡§ø‡§Ç‡§¶‡•Å‡§ì‡§Ç‡§ï‡•ã ‡§®‡§ø‡§∞‡•ç‡§¶‡•ã‡§∑ ‡§¨‡§∞‡•Ä ‡§ï‡§∞‡§®‡•á‡§ï‡•á ‡§∏‡•Ä‡§¨‡•Ä‡§Ü‡§à ‡§ï‡•ã‡§∞‡•ç‡§ü ‡§ï‡•á ‡§®‡§ø‡§∞‡•ç‡§£‡§Ø ‡§ï‡§æ ‡§¨‡§π‡•Å‡§§ ‡§∏‡•ç‡§µ‡§æ‡§ó‡§§‡•§ ‡§è‡§è‡§ö‡§™‡•Ä ‡§î‡§∞ ‡§∏‡§≠‡•Ä ‡§∏‡§Ç‡§ó‡§†‡§® ‡§Ü‡§®‡§Ç‡§¶‡§ø‡§§ ‡§π‡•à‡§Ç‡•§‡§ú‡§Ø ‡§∂‡•ç‡§∞‡•Ä‡§∞‡§æ‡§Æ! Justice after 28 yrs,AHP &amp; associated organizations welcome CBI Court verdict.",hi,"[{'screen_name': 'amitshah', 'name': 'amit shah', 'id': '1447949844'}, {'screen_name': 'pti_news', 'name': 'press trust of india', 'id': '245687754'}]",[],[],25,46,307,[],[],https://twitter.com/DrPravinTogadia/status/1311215382493949953,False,0,0,,,,,,,,[],,,,
1295027101691547650,1295027101691547650,2020-08-16 21:28:16 IST,2020-08-16,21:28:16,+0530,444568008,drpravintogadia,Dr Pravin Togadia,,‡§µ‡§ø‡§®‡§Æ‡•ç‡§∞ ‡§∂‡•ç‡§∞‡§¶‡•ç‡§ß‡§æ‡§Ç‡§ú‡§≤‡§ø! üôèüôèüôè  https://t.co/OzqGjjW9na,hi,[],[],['https://pbs.twimg.com/media/Efjb4xWUwAETbbk.jpg'],29,43,612,[],[],https://twitter.com/DrPravinTogadia/status/1295027101691547650,False,0,1,https://pbs.twimg.com/media/Efjb4xWUwAETbbk.jpg,,,,,,,[],,,,
1291777168544894976,1291777168544894976,2020-08-07 22:14:11 IST,2020-08-07,22:14:11,+0530,444568008,drpravintogadia,Dr Pravin Togadia,,"@ANI @PTI_News @narendramodi @AmitShah @CMOKerala Tragic accident of Vande Bharat AI flight from Dubai to Kozikode Kerala. Gvt of India immediately moved NDRF to help. Sympathies to the families of Capt Sathe (ex Wing Commander of IAF),other crew&amp; passengers who lost lives.",en,"[{'screen_name': 'pti_news', 'name': 'press trust of india', 'id': '245687754'}, {'screen_name': 'narendramodi', 'name': 'narendra modi', 'id': '18839785'}, {'screen_name': 'amitshah', 'name': 'amit shah', 'id': '1447949844'}, {'screen_name': 'cmokerala', 'name': 'cmo kerala', 'id': '737583593245937664'}]",[],[],1,8,49,[],[],https://twitter.com/DrPravinTogadia/status/1291777168544894976,False,0,0,,,,,,,,[],,,,
1291775890444054530,1291762421661667328,2020-08-07 22:09:06 IST,2020-08-07,22:09:06,+0530,444568008,drpravintogadia,Dr Pravin Togadia,,@AmitShah Tragic incident with Vande Bharat flight to Kozikode Kerala from Dubai. Govt of India has immediately sent the help of NDRF. All in Bharat stand with the families of the passengers &amp; the crew.,en,[],[],[],5,12,134,[],[],https://twitter.com/DrPravinTogadia/status/1291775890444054530,False,0,0,,,,,,,,"[{'screen_name': 'AmitShah', 'name': 'Amit Shah', 'id': '1447949844'}]",,,,
1290948121921327104,1290946123679428609,2020-08-05 15:19:51 IST,2020-08-05,15:19:51,+0530,444568008,drpravintogadia,Dr Pravin Togadia,,"@DeepakB39049053 @narendramodi @DrMohanBhagwat @AmitShah ‡§ï‡§∞‡•ç‡§Æ‡§£‡•ç‡§Ø‡•á‡§µ‡§æ‡§ß‡§ø‡§ï‡§æ‡§∞‡§∏‡•ç‡§§‡•á ‡§Æ‡§æ ‡§´‡§≤‡•á‡§∑‡•Å ‡§ï‡§¶‡§æ‡§ö‡§®‡•§ ‡§π‡§Æ ‡§∏‡§≠‡•Ä ‡§®‡•á ‡§π‡§Æ‡§æ‡§∞‡§æ ‡§ß‡§∞‡•ç‡§Æ, ‡§ï‡§∞‡•ç‡§Æ ‡§ï‡§ø‡§Ø‡§æ; ‡§¨‡§æ‡§ï‡§ø‡§Ø‡•ã‡§Ç ‡§ï‡•á ‡§ï‡§∞‡•ç‡§Æ ‡§â‡§® ‡§ï‡•á ‡§™‡§æ‡§∏‡•§  ‡§≠‡§ó‡§µ‡§æ‡§®‡•ç ‡§∏‡§¨ ‡§∏‡§Æ‡§ù‡§§‡•á ‡§π‡•à‡§Ç‡•§ ‡§Ü‡§®‡§Ç‡§¶ ‡§Æ‡§®‡§æ‡§è‡§Å ‡§ï‡§ø ‡§≠‡§ó‡§µ‡§æ‡§®‡•ç ‡§∂‡•ç‡§∞‡•Ä‡§∞‡§æ‡§Æ ‡§ú‡•Ä ‡§ï‡§æ ‡§Æ‡§Ç‡§¶‡§ø‡§∞ ‡§¨‡§®‡§®‡•á ‡§ú‡§æ ‡§∞‡§π‡§æ ‡§π‡•à‡•§",hi,[],[],[],0,2,18,[],[],https://twitter.com/DrPravinTogadia/status/1290948121921327104,False,0,0,,,,,,,,"[{'screen_name': 'DeepakB39049053', 'name': 'Deepak Bairwaüíé', 'id': '1245417406249332737'}, {'screen_name': 'narendramodi', 'name': 'Narendra Modi', 'id': '18839785'}, {'screen_name': 'DrMohanBhagwat', 'name': 'Mohan Bhagwat', 'id': '1127906922416316416'}, {'screen_name': 'AmitShah', 'name': 'Amit Shah', 'id': '1447949844'}]",,,,
1290947614276349952,1290947614276349952,2020-08-05 15:17:50 IST,2020-08-05,15:17:50,+0530,444568008,drpravintogadia,Dr Pravin Togadia,,"@AmitShah @narendramodi @ANI @PTI_News ‡•ß ‡§µ‡§∞‡•ç‡§∑ ‡§™‡§π‡§≤‡•á ‡•´ ‡§Ö‡§ó‡§∏‡•ç‡§§ ‡•®‡•¶‡•ß‡•Ø ‡§ï‡•ã ‡§≠‡§æ‡§∞‡§§ ‡§ï‡•Ä ‡§∏‡§Ç‡§∏‡§¶ ‡§®‡•á ‡§ê‡§§‡§ø‡§π‡§æ‡§∏‡§ø‡§ï ‡§ï‡§¶‡§Æ ‡§â‡§†‡§æ‡§ï‡§∞ ‡§ß‡§æ‡§∞‡§æ ‡•©‡•≠‡•¶ ‡§î‡§∞ ‡•©‡•´ ‡§è ‡§π‡§ü‡§æ‡§Ø‡•Ä‡•§ ‡§™‡•ç‡§∞‡§•‡§Æ ‡§µ‡§∞‡•ç‡§∑‡§™‡•Ç‡§∞‡•ç‡§§‡§ø ‡§ï‡•á ‡§≤‡§ø‡§è ‡§¨‡§π‡•Å‡§§ ‡§Ö‡§≠‡§ø‡§®‡§®‡•ç‡§¶‡§®‡•§ ‡§Ö‡§ñ‡§Ç‡§° ‡§≠‡§æ‡§∞‡§§ ‡§ï‡•Ä ‡§¶‡§ø‡§∂‡§æ ‡§Æ‡•á‡§Ç ‡§™‡§π‡§≤‡§æ ‡§¨‡§°‡§º‡§æ ‡§ï‡§¶‡§Æ ‡§∞‡§π‡§æ‡•§ ‡§Ü‡§ó‡•á ‡§¨‡§π‡•Å‡§§ ‡§ï‡§æ‡§∞‡•ç‡§Ø ‡§¨‡§æ‡§ï‡•Ä ‡§π‡•à, ‡§â‡§∏ ‡§ï‡•á ‡§≤‡§ø‡§è ‡§∂‡•Å‡§≠‡§ï‡§æ‡§Æ‡§®‡§æ‡§è‡§Å‡•§",hi,"[{'screen_name': 'narendramodi', 'name': 'narendra modi', 'id': '18839785'}, {'screen_name': 'ani', 'name': 'ani', 'id': '355989081'}, {'screen_name': 'pti_news', 'name': 'press trust of india', 'id': '245687754'}]",[],[],9,15,145,[],[],https://twitter.com/DrPravinTogadia/status/1290947614276349952,False,0,0,,,,,,,,[],,,,
1290946123679428609,1290946123679428609,2020-08-05 15:11:55 IST,2020-08-05,15:11:55,+0530,444568008,drpravintogadia,Dr Pravin Togadia,,"@narendramodi @DrMohanBhagwat @AmitShah ‡§Ü‡§®‡§Ç‡§¶‡•ã‡§§‡•ç‡§∏‡§µ!‡§≠‡§ó‡§µ‡§æ‡§®‡•ç ‡§∂‡•ç‡§∞‡•Ä‡§∞‡§æ‡§Æ ‡§Æ‡§Ç‡§¶‡§ø‡§∞!‡•™‡•Ø‡•®‡§µ‡§∞‡•ç‡§∑‡•ã‡§Ç‡§∏‡•á ‡§∏‡§Ç‡§ò‡§∞‡•ç‡§∑,‡§¨‡§≤‡§ø‡§¶‡§æ‡§®,‡§ú‡•Ä‡§µ‡§®, ‡§ï‡•à‡§∞‡§ø‡§Ø‡§∞ ‡§∏‡§Æ‡§∞‡•ç‡§™‡§ø‡§§ ‡§ï‡§∞‡§®‡•á‡§µ‡§æ‡§≤‡•á‡§Ç ‡§ï‡§æ‡§∞‡§∏‡•á‡§µ‡§ï‡•ã‡§Ç,‡§π‡§ø‡§Ç‡§¶‡•Å‡§ì‡§Ç‡§ï‡•ã ‡§™‡•ç‡§∞‡§£‡§æ‡§Æ!‡§Æ‡§π‡§Ç‡§§ ‡§∞‡§æ‡§Æ‡§ö‡§Ç‡§¶‡•ç‡§∞ ‡§™‡§∞‡§Æ‡§π‡§Ç‡§∏‡§ú‡•Ä,‡§Æ‡§π‡§Ç‡§§ ‡§Ö‡§µ‡•à‡§¶‡•ç‡§Ø‡§®‡§æ‡§•‡§ú‡•Ä,‡§∏‡§ø‡§Ç‡§ò‡§≤‡§ú‡•Ä,‡§¶‡§æ‡§≤‡§Æ‡§ø‡§Ø‡§æ‡§ú‡•Ä, ‡§™‡§ø‡§Ç‡§ó‡§≤‡•á‡§ú‡•Ä, ‡§¨‡§æ‡§≤‡§æ‡§∏‡§æ‡§¨ ‡§†‡§æ‡§ï‡§∞‡•á‡§ú‡•Ä‡§ï‡•ã ‡§®‡§Æ‡§®‡•§ ‡§Ü‡§ú ‡§è‡§ï ‡§™‡§°‡§º‡§æ‡§µ ‡§™‡•Ç‡§∞‡•ç‡§£ ‡§π‡•Å‡§Ü!‡§ú‡§Ø ‡§∂‡•ç‡§∞‡•Ä‡§∞‡§æ‡§Æ!",hi,"[{'screen_name': 'drmohanbhagwat', 'name': 'mohan bhagwat', 'id': '1127906922416316416'}, {'screen_name': 'amitshah', 'name': 'amit shah', 'id': '1447949844'}]",[],[],32,41,346,[],[],https://twitter.com/DrPravinTogadia/status/1290946123679428609,False,0,0,,,,,,,,[],,,,
1289890275234476034,1289882101915893764,2020-08-02 17:16:21 IST,2020-08-02,17:16:21,+0530,444568008,drpravintogadia,Dr Pravin Togadia,,@AmitShah ‡§∂‡•Å‡§∞‡•Å‡§Ü‡§§‡•Ä ‡§∏‡§Æ‡§Ø ‡§Æ‡•á‡§Ç ‡§π‡•Ä ‡§â‡§™‡§ö‡§æ‡§∞ ‡§Æ‡§ø‡§≤‡§®‡•á ‡§∏‡•á ‡§ï‡•ã‡§∞‡•ã‡§®‡§æ ‡§†‡•Ä‡§ï ‡§π‡•ã ‡§ú‡§æ‡§§‡§æ ‡§π‡•à‡•§ ‡§Ü‡§™ ‡§ú‡§≤‡•ç‡§¶ ‡§∏‡•ç‡§µ‡§∏‡•ç‡§• ‡§π‡•ã‡§Ç‡§ó‡•á ‡§π‡•Ä ‡§Ø‡§π ‡§µ‡§ø‡§∂‡•ç‡§µ‡§æ‡§∏ ‡§î‡§∞ ‡§™‡•ç‡§∞‡§æ‡§∞‡•ç‡§•‡§®‡§æ ‡§π‡•à‡•§ You WILL get well very soon.,hi,[],[],[],8,28,379,[],[],https://twitter.com/DrPravinTogadia/status/1289890275234476034,False,0,0,,,,,,,,"[{'screen_name': 'AmitShah', 'name': 'Amit Shah', 'id': '1447949844'}]",,,,
1288404411950051334,1288404411950051334,2020-07-29 14:52:03 IST,2020-07-29,14:52:03,+0530,444568008,drpravintogadia,Dr Pravin Togadia,,"@narendramodi @rajnathsingh @IAF_MCC @ANI @PTI_News CONGRATULATIONS to Indian Air Force,PM Modiji, Defense Minister Rajnathji for Rafael Arrival!Jay Ho! ‡§∞‡§æ‡§´‡•á‡§≤ ‡§Ü‡§ó‡§Æ‡§®‡§ï‡•á ‡§≤‡§ø‡§è ‡§¨‡§π‡•Å‡§§ ‡§Ö‡§≠‡§ø‡§®‡§Ç‡§¶‡§® ‡§≠‡§æ‡§∞‡§§‡•Ä‡§Ø ‡§µ‡§æ‡§Ø‡•Å‡§∏‡•á‡§®‡§æ!‡§Ö‡§≠‡§ø‡§®‡§Ç‡§¶‡§® ‡§≠‡§æ‡§∞‡§§ ‡§∏‡§∞‡§ï‡§æ‡§∞,‡§™‡•ç‡§∞‡§ß‡§æ‡§®‡§Æ‡§Ç‡§§‡•ç‡§∞‡•Ä ‡§∂‡•ç‡§∞‡•Ä ‡§Æ‡•ã‡§¶‡•Ä‡§ú‡•Ä ‡§î‡§∞ ‡§∞‡§ï‡•ç‡§∑‡§æ‡§Æ‡§Ç‡§§‡•ç‡§∞‡•Ä ‡§∂‡•ç‡§∞‡•Ä ‡§∞‡§æ‡§ú‡§®‡§æ‡§•‡§ú‡•Ä!  ‡§ú‡§Ø ‡§π‡•ã!",und,"[{'screen_name': 'rajnathsingh', 'name': 'rajnath singh', 'id': '1346439824'}, {'screen_name': 'iaf_mcc', 'name': 'indian air force', 'id': '784705308832694272'}, {'screen_name': 'ani', 'name': 'ani', 'id': '355989081'}, {'screen_name': 'pti_news', 'name': 'press trust of india', 'id': '245687754'}]",[],[],12,28,200,[],[],https://twitter.com/DrPravinTogadia/status/1288404411950051334,False,0,0,,,,,,,,[],,,,
1288103097059782657,1287736498612125699,2020-07-28 18:54:44 IST,2020-07-28,18:54:44,+0530,444568008,drpravintogadia,Dr Pravin Togadia,,@CRPaatil @v_shrivsatish @bhikhubhaidbjp üëçüëçüëç Congratulations &amp; Best Wishes!,en,[],[],[],1,2,21,[],[],https://twitter.com/DrPravinTogadia/status/1288103097059782657,False,0,0,,,,,,,,"[{'screen_name': 'CRPaatil', 'name': 'C R Paatil', 'id': '305603067'}, {'screen_name': 'v_shrivsatish', 'name': 'V Satish', 'id': '901132112'}, {'screen_name': 'bhikhubhaidbjp', 'name': 'Bhikhubhai Dalsaniya', 'id': '2547602874'}]",,,,
1288101396819013632,1285443701083275264,2020-07-28 18:47:59 IST,2020-07-28,18:47:59,+0530,444568008,drpravintogadia,Dr Pravin Togadia,,"@TheRahulMahajan @narendramodi ‡§ß‡§®‡•ç‡§Ø‡§µ‡§æ‡§¶ ‡§∞‡§æ‡§π‡•Å‡§≤ ‡§Æ‡§π‡§æ‡§ú‡§®‡§ú‡•Ä‡•§‡§Ü‡§™‡§ï‡•Ä ‡§Ö‡§Ç‡§§‡§∞‡•ç‡§Æ‡§® ‡§≠‡§æ‡§µ‡§®‡§æ ‡§™‡§π‡•Å‡§Å‡§ö‡•Ä‡•§‡§∞‡§æ‡§Æ‡§Æ‡§Ç‡§¶‡§ø‡§∞ ‡§ï‡•á ‡§≤‡§ø‡§è ‡§∏‡•ã‡§Æ‡§®‡§æ‡§•‡§∏‡•á ‡§Ö‡§Ø‡•ã‡§ß‡•ç‡§Ø‡§æ ‡§∞‡§•‡§Ø‡§æ‡§§‡•ç‡§∞‡§æ,‡§∞‡§•‡§ï‡§æ ‡§°‡§ø‡§ú‡§æ‡§á‡§®,‡§Æ‡§æ‡§∞‡•ç‡§ó,‡§®‡§ø‡§Ø‡•ã‡§ú‡§® ‡§∏‡§≠‡•Ä‡§Æ‡•á‡§Ç ‡§™‡•ç‡§∞‡§Æ‡•ã‡§¶‡§ú‡•Ä ‡§Æ‡§π‡§æ‡§ú‡§®‡§ï‡§æ ‡§¨‡§°‡§º‡§æ ‡§Ø‡•ã‡§ó‡§¶‡§æ‡§® ‡§∞‡§π‡§æ‡•§‡§µ‡•á ‡§Ö‡§∏‡§Æ‡§Ø ‡§ö‡§≤‡•á‡§Ç ‡§ó‡§è‡§Å,‡§â‡§®‡§ï‡•á ‡§™‡§∞‡§ø‡§µ‡§æ‡§∞ ‡§∏‡§¶‡§∏‡•ç‡§Ø‡§ï‡•ã ‡§≠‡•Ä ‡•´‡§Ö‡§ó‡§∏‡•ç‡§§ ‡§ï‡§æ‡§∞‡•ç‡§Ø‡§ï‡•ç‡§∞‡§Æ‡§Æ‡•á‡§Ç ‡§®‡§ø‡§Æ‡§Ç‡§§‡•ç‡§∞‡§ø‡§§ ‡§ï‡§∞‡§®‡§æ ‡§ö‡§æ‡§π‡§ø‡§è‡•§‡§ï‡§≤‡§ø‡§Ø‡•Å‡§ó!‡§ò‡§∞ ‡§¨‡•à‡§†‡§ï‡§∞ ‡§™‡•ç‡§∞‡§æ‡§∞‡•ç‡§•‡§®‡§æ ‡§ï‡§∞‡•á‡§Ç,‡§∏‡•Å‡§∞‡§ï‡•ç‡§∑‡§ø‡§§ ‡§∞‡§π‡•á‡§Ç",hi,[],[],[],5,10,71,[],[],https://twitter.com/DrPravinTogadia/status/1288101396819013632,False,0,0,,,,,,,,"[{'screen_name': 'TheRahulMahajan', 'name': 'Rahul Pramod Mahajan', 'id': '1025796991'}, {'screen_name': 'narendramodi', 'name': 'Narendra Modi', 'id': '18839785'}]",,,,
1278983010046447618,1278983010046447618,2020-07-03 14:54:46 IST,2020-07-03,14:54:46,+0530,444568008,drpravintogadia,Dr Pravin Togadia,,"@narendramodi @ANI @PTI_News ‡§≤‡§¶‡§æ‡§ñ ‡§ú‡§æ‡§ï‡§∞ ‡§π‡§Æ‡§æ‡§∞‡•Ä ‡§∏‡•á‡§®‡§æ ‡§ï‡§æ ‡§π‡•å‡§∏‡§≤‡§æ ‡§¨‡§¢‡§º‡§æ‡§®‡•á‡§ï‡•Ä ‡§π‡§Æ‡§æ‡§∞‡•á ‡§™‡•Ä‡§è‡§Æ ‡§Æ‡•ã‡§¶‡•Ä‡§ú‡•Ä ‡§ï‡•Ä ‡§™‡§π‡§≤ ‡§ï‡§æ ‡§π‡•ç‡§∞‡§¶‡§Ø ‡§∏‡•á ‡§∏‡•ç‡§µ‡§æ‡§ó‡§§‡•§‡§¶‡•É‡§¢‡§º ‡§µ‡§ø‡§∂‡•ç‡§µ‡§æ‡§∏ ‡§π‡•à ‡§ï‡§ø ‡§ö‡•Ä‡§® ‡§Ø‡§æ ‡§ï‡•ã‡§à ‡§î‡§∞ ‡§¶‡•á‡§∂ ‡§Ö‡§¨ ‡§°‡§∞‡•á‡§Ç‡§ó‡•á ‡§î‡§∞  ‡§Ü‡§®‡•á‡§µ‡§æ‡§≤‡•á ‡•ß‡•´ ‡§Ö‡§ó‡§∏‡•ç‡§§ ‡§ï‡•ã ‡§Ö‡§ï‡•ç‡§∏‡§æ‡§à ‡§ö‡•Ä‡§® ‡§î‡§∞ ‡§™‡•Ä‡§ì‡§ï‡•á ‡§Æ‡•á‡§Ç ‡§≠‡•Ä ‡§≠‡§æ‡§∞‡§§‡§ï‡§æ ‡§§‡§ø‡§∞‡§Ç‡§ó‡§æ ‡§∂‡§æ‡§® ‡§∏‡•á ‡§≤‡§π‡§∞‡§æ‡§è‡§ó‡§æ,‡§Æ‡§ø‡§§‡•ç‡§∞ ‡§Æ‡•ã‡§¶‡•Ä‡§ú‡•Ä ‡§ï‡§æ,‡§≠‡§æ‡§∞‡§§ ‡§ï‡•Ä ‡§∏‡•á‡§®‡§æ ‡§ï‡§æ ‡§Ö‡§≠‡§ø‡§®‡§Ç‡§¶‡§®!",hi,"[{'screen_name': 'ani', 'name': 'ani', 'id': '355989081'}, {'screen_name': 'pti_news', 'name': 'press trust of india', 'id': '245687754'}]",[],[],27,42,233,[],[],https://twitter.com/DrPravinTogadia/status/1278983010046447618,False,0,0,,,,,,,,[],,,,
1276863856216690689,1276863856216690689,2020-06-27 18:34:00 IST,2020-06-27,18:34:00,+0530,444568008,drpravintogadia,Dr Pravin Togadia,,"@AmitShah @ArvindKejriwal @ANI  Congratulations for the large 10,000 bedded Covid Hospital in Delhi. Much needed excellent work üëçüëç ‡§¶‡§ø‡§≤‡•ç‡§≤‡•Ä ‡§Æ‡•á‡§Ç ‡•ß‡•¶,‡•¶‡•¶‡•¶ ‡§¨‡•á‡§°‡•ç‡§∏ ‡§ï‡§æ ‡§¨‡§°‡§º‡§æ ‡§ï‡•ã‡§µ‡§ø‡§° ‡§Ö‡§∏‡•ç‡§™‡§§‡§æ‡§≤ ‡§¨‡§®‡§æ‡§®‡•á ‡§ï‡•á ‡§≤‡§ø‡§è ‡§Ö‡§≠‡§ø‡§®‡§Ç‡§¶‡§® ! ‡§¨‡§π‡•Å‡§§ ‡§Ü‡§µ‡§∂‡•ç‡§Ø‡§ï, ‡§¨‡§¢‡§º‡§ø‡§Ø‡§æ ‡§ï‡§æ‡§Æ!",und,"[{'screen_name': 'arvindkejriwal', 'name': 'arvind kejriwal', 'id': '405427035'}, {'screen_name': 'ani', 'name': 'ani', 'id': '355989081'}]",[],[],8,11,83,[],[],https://twitter.com/DrPravinTogadia/status/1276863856216690689,False,0,0,,,,,,,,[],,,,
1275110042484658178,1275046661652447234,2020-06-22 22:24:59 IST,2020-06-22,22:24:59,+0530,444568008,drpravintogadia,Dr Pravin Togadia,,"@AmitShah ‡§ß‡§®‡•ç‡§Ø‡§µ‡§æ‡§¶, ‡§Ö‡§Æ‡§ø‡§§‡§≠‡§æ‡§à, ‡§Ü‡§™ ‡§π‡•Ä ‡§ï‡•á ‡§∏‡§Æ‡§Ø‡§™‡§∞ ‡§ï‡§ø‡§è ‡§ï‡•â‡§≤ ‡§ï‡•á ‡§ï‡§æ‡§∞‡§£ ‡§™‡•Å‡§∞‡•Ä ‡§Æ‡•á‡§Ç ‡§≠‡§ó‡§µ‡§æ‡§®‡•ç ‡§ú‡§ó‡§®‡•ç‡§®‡§æ‡§• ‡§ú‡•Ä ‡§ï‡•Ä ‡§∞‡§•‡§Ø‡§æ‡§§‡•ç‡§∞‡§æ ‡§Ö‡§¨ ‡§®‡§ø‡§ï‡§≤‡•á‡§ó‡•Ä‡•§ ‡§∂‡•ç‡§∞‡§¶‡•ç‡§ß‡§æ ‡§ï‡•Ä ‡§™‡§∞‡§Ç‡§™‡§∞‡§æ ‡§Ü‡§™ ‡§®‡•á ‡§∏‡§Æ‡§ù‡•Ä ‡§î‡§∞ ‡§∏‡§Æ‡•ç‡§π‡§æ‡§≤‡•Ä‡•§ üëç‡§µ‡§ø‡§∂‡•ç‡§µ‡§æ‡§∏ ‡§π‡•à ‡§ï‡§ø ‡§Ø‡§π‡•Ä ‡§ó‡•Å‡§ú‡§∞‡§æ‡§§ ‡§Ö‡§π‡§Æ‡§¶‡§æ‡§¨‡§æ‡§¶ ‡§ï‡•Ä ‡§ú‡§ó‡§®‡•ç‡§®‡§æ‡§• ‡§∞‡§•‡§Ø‡§æ‡§§‡•ç‡§∞‡§æ ‡§™‡§∞ ‡§≠‡•Ä ‡§π‡•ã‡§ó‡§æ ‡§î‡§∞ ‡§™‡§∞‡§Ç‡§™‡§∞‡§æ ‡§ú‡§§‡§® ‡§π‡•ã‡§ó‡•Ä, ‡§ê‡§∏‡•á ‡§π‡•Ä ‡§∏‡§¨ ‡§Æ‡§ø‡§≤‡§ï‡§∞ ‡§Ü‡§ó‡•á ‡§¨‡§¢‡§º‡§§‡•á ‡§∞‡§π‡•á‡§Ç‡•§",hi,[],[],[],11,26,255,[],[],https://twitter.com/DrPravinTogadia/status/1275110042484658178,False,0,0,,,,,,,,"[{'screen_name': 'AmitShah', 'name': 'Amit Shah', 'id': '1447949844'}]",,,,
1273260595358228480,1273256534722539520,2020-06-17 19:55:56 IST,2020-06-17,19:55:56,+0530,444568008,drpravintogadia,Dr Pravin Togadia,,"@mithilesh_k @narendramodi @PTI_News ‡§ï‡•ã‡§à ‡§ï‡§æ‡§Ø‡§∞ ‡§®‡§π‡•Ä‡§Ç‡•§ ‡§ú‡•ã ‡§µ‡§∞‡•ç‡§∑‡•ã‡§Ç ‡§∏‡•á ‡§≤‡§ü‡§ï‡§æ ‡§ß‡§æ‡§∞‡§æ ‡•©‡•≠‡•¶ ‡§π‡§ü‡§æ‡§ï‡§∞ ‡§ú‡§Æ‡•ç‡§Æ‡•Ç ‡§ï‡§∂‡•ç‡§Æ‡•Ä‡§∞ ‡§≤‡§¶‡§æ‡§ñ ‡§≠‡§æ‡§∞‡§§ ‡§ï‡§æ ‡§ï‡•á‡§Ç‡§¶‡•ç‡§∞‡§∂‡§æ‡§∏‡§ø‡§§ ‡§™‡•ç‡§∞‡§¶‡•á‡§∂ ‡§¨‡§®‡§æ ‡§∏‡§ï‡§§‡•á ‡§π‡•à‡§Ç, ‡§µ‡•á ‡§ö‡•Ä‡§® ‡§ï‡•ã ‡§≠‡•Ä ‡§¨‡§°‡§º‡•Ä ‡§∏‡§¨‡§ï ‡§∏‡•Ä‡§ñ‡§æ ‡§π‡•Ä ‡§∏‡§ï‡§§‡•á ‡§π‡•à‡§Ç‡•§ ‡§î‡§∞ ‡§á‡§∏‡§Æ‡•á‡§Ç ‡§π‡§Æ ‡§∏‡§∞‡§ï‡§æ‡§∞ ‡§ï‡•á ‡§π‡•Ä ‡§∏‡§æ‡§• ‡§π‡•à‡•§",hi,[],[],[],1,1,11,[],[],https://twitter.com/DrPravinTogadia/status/1273260595358228480,False,0,0,,,,,,,,"[{'screen_name': 'mithilesh_k', 'name': 'Mithilesh Kumar ‚ÜóÔ∏è', 'id': '2601612188'}, {'screen_name': 'narendramodi', 'name': 'Narendra Modi', 'id': '18839785'}, {'screen_name': 'PTI_News', 'name': 'Press Trust of India', 'id': '245687754'}]",,,,
1273260385638862850,1273256534722539520,2020-06-17 19:55:06 IST,2020-06-17,19:55:06,+0530,444568008,drpravintogadia,Dr Pravin Togadia,,"@gautamdub06 @narendramodi @PTI_News ‡§≠‡§æ‡§à, ‡§ï‡•ã‡§à ‡§µ‡•ç‡§Ø‡§Ç‡§ó‡•ç‡§Ø ‡§®‡§π‡•Ä‡§Ç‡•§ ‡§π‡§Æ ‡§∏‡•ç‡§™‡§∑‡•ç‡§ü ‡§ï‡§π‡§§‡•á ‡§π‡•à‡§Ç‡•§ ‡§á‡§∏‡§≤‡§ø‡§è ‡§ï‡•ã‡§à ‡§µ‡•ç‡§Ø‡§Ç‡§ó‡•ç‡§Ø ‡§®‡§π‡•Ä‡§Ç, ‡§¨‡§≤‡•ç‡§ï‡§ø ‡§¶‡•É‡§¢‡§º ‡§µ‡§ø‡§∂‡•ç‡§µ‡§æ‡§∏ ‡§π‡•à‡•§ ‡§ú‡•ã ‡§µ‡§∞‡•ç‡§∑‡•ã‡§Ç ‡§∏‡•á ‡§≤‡§ü‡§ï‡§æ ‡§ß‡§æ‡§∞‡§æ ‡•©‡•≠‡•¶ ‡§π‡§ü‡§æ‡§ï‡§∞ ‡§ú‡§Æ‡•ç‡§Æ‡•Ç ‡§ï‡§∂‡•ç‡§Æ‡•Ä‡§∞ ‡§≤‡§¶‡§æ‡§ñ ‡§≠‡§æ‡§∞‡§§ ‡§ï‡§æ ‡§ï‡•á‡§Ç‡§¶‡•ç‡§∞‡§∂‡§æ‡§∏‡§ø‡§§ ‡§™‡•ç‡§∞‡§¶‡•á‡§∂ ‡§¨‡§®‡§æ ‡§∏‡§ï‡§§‡•á ‡§π‡•à‡§Ç, ‡§µ‡•á ‡§ö‡•Ä‡§® ‡§ï‡•ã ‡§≠‡•Ä ‡§¨‡§°‡§º‡•Ä ‡§∏‡§¨‡§ï ‡§∏‡•Ä‡§ñ‡§æ ‡§π‡•Ä ‡§∏‡§ï‡§§‡•á ‡§π‡•à‡§Ç‡•§ ‡§î‡§∞ ‡§á‡§∏‡§Æ‡•á‡§Ç ‡§π‡§Æ ‡§∏‡§∞‡§ï‡§æ‡§∞ ‡§ï‡•á ‡§π‡•Ä ‡§∏‡§æ‡§• ‡§π‡•à‡•§",hi,[],[],[],2,0,8,[],[],https://twitter.com/DrPravinTogadia/status/1273260385638862850,False,0,0,,,,,,,,"[{'screen_name': 'gautamdub06', 'name': '‡§ó‡•å‡§§‡§Æ ‡§¶‡•Å‡§¨‡•á ( ‡§ú‡§Æ‡§∂‡•á‡§¶‡§™‡•Å‡§∞ )', 'id': '593494096'}, {'screen_name': 'narendramodi', 'name': 'Narendra Modi', 'id': '18839785'}, {'screen_name': 'PTI_News', 'name': 'Press Trust of India', 'id': '245687754'}]",,,,
1273258825710047233,1273195330977165312,2020-06-17 19:48:54 IST,2020-06-17,19:48:54,+0530,444568008,drpravintogadia,Dr Pravin Togadia,,"@ANI @ranganaathan ‡§™‡•ç‡§∞‡§ß‡§æ‡§®‡§Æ‡§Ç‡§§‡•ç‡§∞‡•Ä‡§ú‡•Ä‡§®‡•á ‡§Ü‡§ú ‡§∏‡•ç‡§µ‡§Ø‡§Ç ‡§ï‡§π‡§æ ‡§π‡•à,‡§ï‡§ø‡§∏‡•Ä‡§ï‡§æ ‡§¨‡§≤‡§ø‡§¶‡§æ‡§® ‡§µ‡•ç‡§Ø‡§∞‡•ç‡§• ‡§®‡§π‡•Ä‡§Ç ‡§ú‡§æ‡§è‡§ó‡§æ,‡§§‡§¨ ‡§¶‡•á‡§∂‡§µ‡§æ‡§∏‡§ø‡§Ø‡•ã‡§Ç‡§ï‡•ã ‡§®‡§ø‡§∂‡•ç‡§ö‡§ø‡§Ç‡§§ ‡§∞‡§π‡§®‡§æ ‡§ö‡§æ‡§π‡§ø‡§è,‡§Ö‡§¨ ‡§≠‡§æ‡§∞‡§§ ‡§ö‡•Ä‡§® ‡§∏‡•Ä‡§Æ‡§æ‡§™‡§∞ ‡§π‡§Æ‡§æ‡§∞‡•á ‡•®‡•¶ ‡§∂‡•Ç‡§∞‡§µ‡•Ä‡§∞‡•ã‡§Ç‡§ï‡•á ‡§¨‡§≤‡§ø‡§¶‡§æ‡§®‡§ï‡§æ ‡§¨‡§¶‡§≤‡§æ ‡§™‡•ç‡§∞‡§ß‡§æ‡§®‡§Æ‡§Ç‡§§‡•ç‡§∞‡•Ä‡§ú‡•Ä ‡§ö‡•Ä‡§®‡§∏‡•á ‡§Ö‡§µ‡§∂‡•ç‡§Ø ‡§ú‡§≤‡•ç‡§¶ ‡§≤‡•á‡§Ç‡§ó‡•á,‡§á‡§∏ ‡§∏‡•ç‡§µ‡§§‡§Ç‡§§‡•ç‡§∞‡§§‡§æ ‡§¶‡§ø‡§µ‡§∏ ‡•ß‡•´‡§Ö‡§ó‡§∏‡•ç‡§§ ‡•®‡•¶‡•®‡•¶‡§§‡§ï ‡§ö‡•Ä‡§®‡§ï‡§æ ‡§®‡§æ‡§Æ‡•ã‡§®‡§ø‡§∂‡§æ‡§® ‡§® ‡§∞‡§π‡•á‡§Ç‡•§‡§∏‡§Æ‡•Ç‡§ö‡§æ ‡§¶‡•á‡§∂ ‡§á‡§∏‡§Æ‡•á‡§Ç ‡§∏‡§∞‡§ï‡§æ‡§∞‡§ï‡•á ‡§∏‡§æ‡§• ‡§π‡•à‡•§",hi,[],[],[],4,13,57,[],[],https://twitter.com/DrPravinTogadia/status/1273258825710047233,False,0,0,,,,,,,,"[{'screen_name': 'ANI', 'name': 'ANI', 'id': '355989081'}, {'screen_name': 'ranganaathan', 'name': '‡§∞‡§Ç‡§ó‡§æ - ‡Æ∞‡Æô‡Øç‡Æï‡Ææ Iyengar', 'id': '124204931'}]",,,,
1273256534722539520,1273256534722539520,2020-06-17 19:39:48 IST,2020-06-17,19:39:48,+0530,444568008,drpravintogadia,Dr Pravin Togadia,,"@narendramodi @PTI_News ‡§™‡•ç‡§∞‡§ß‡§æ‡§®‡§Æ‡§Ç‡§§‡•ç‡§∞‡•Ä‡§ú‡•Ä‡§®‡•á ‡§ï‡§π‡§æ,‡§¨‡§≤‡§ø‡§¶‡§æ‡§® ‡§µ‡•ç‡§Ø‡§∞‡•ç‡§• ‡§®‡§π‡•Ä‡§Ç ‡§ú‡§æ‡§è‡§ó‡§æ,‡§¶‡•á‡§∂‡§µ‡§æ‡§∏‡§ø‡§Ø‡•ã‡§Ç‡§ï‡•ã ‡§®‡§ø‡§∂‡•ç‡§ö‡§ø‡§Ç‡§§ ‡§∞‡§π‡§®‡§æ ‡§ö‡§æ‡§π‡§ø‡§è,‡§Ö‡§¨ ‡§≠‡§æ‡§∞‡§§ ‡§ö‡•Ä‡§® ‡§∏‡•Ä‡§Æ‡§æ‡§™‡§∞ ‡§π‡§Æ‡§æ‡§∞‡•á ‡•®‡•¶‡§∂‡•Ç‡§∞ ‡§µ‡•Ä‡§∞‡•ã‡§Ç‡§ï‡•á ‡§¨‡§≤‡§ø‡§¶‡§æ‡§®‡§ï‡§æ ‡§¨‡§¶‡§≤‡§æ ‡§™‡•ç‡§∞‡§ß‡§æ‡§®‡§Æ‡§Ç‡§§‡•ç‡§∞‡•Ä‡§ú‡•Ä ‡§ö‡•Ä‡§®‡§∏‡•á ‡§Ö‡§µ‡§∂‡•ç‡§Ø ‡§ú‡§≤‡•ç‡§¶ ‡§≤‡•á‡§Ç‡§ó‡•á ‡§§‡§æ‡§ï‡§ø ‡§á‡§∏ ‡§∏‡•ç‡§µ‡§§‡§Ç‡§§‡•ç‡§∞‡§§‡§æ ‡§¶‡§ø‡§µ‡§∏ ‡§§‡§ï ‡§ö‡•Ä‡§®‡§ï‡§æ ‡§®‡§æ‡§Æ‡•ã‡§®‡§ø‡§∂‡§æ‡§® ‡§®‡§π‡•Ä‡§Ç ‡§∞‡§π‡•á‡§Ç‡•§‡§∏‡§Æ‡•Ç‡§ö‡§æ ‡§¶‡•á‡§∂ ‡§á‡§∏ ‡§Æ‡•á‡§Ç ‡§∏‡§∞‡§ï‡§æ‡§∞ ‡§ï‡•á ‡§∏‡§æ‡§• ‡§π‡•à‡•§",hi,"[{'screen_name': 'pti_news', 'name': 'press trust of india', 'id': '245687754'}]",[],[],21,24,163,[],[],https://twitter.com/DrPravinTogadia/status/1273256534722539520,False,0,0,,,,,,,,[],,,,
1272894308065185796,1272894308065185796,2020-06-16 19:40:26 IST,2020-06-16,19:40:26,+0530,444568008,drpravintogadia,Dr Pravin Togadia,,"@narendramodi @rajnathsingh @AmitShah China has cruelly killed Bharat's 1 Commanding Officer &amp; 2 Jawans at LAC. Salute to the 3 Brave Hearts. 130 Cr People of Bharat are with the Army, Air Force &amp; Navy. No compromise on border security &amp; sure that Gvt always ensuring this.",en,"[{'screen_name': 'rajnathsingh', 'name': 'rajnath singh', 'id': '1346439824'}, {'screen_name': 'amitshah', 'name': 'amit shah', 'id': '1447949844'}]",[],[],9,23,100,[],[],https://twitter.com/DrPravinTogadia/status/1272894308065185796,False,0,0,,,,,,,,[],,,,
1272893294524104705,1272893294524104705,2020-06-16 19:36:25 IST,2020-06-16,19:36:25,+0530,444568008,drpravintogadia,Dr Pravin Togadia,,"‡§ö‡•Ä‡§® ‡§®‡•á ‡§≠‡§æ‡§∞‡§§ ‡§ï‡•á ‡•ß ‡§ï‡§Æ‡§æ‡§Ç‡§°‡§ø‡§Ç‡§ó ‡§Ö‡§´‡§∏‡§∞ ‡§î‡§∞ ‡•® ‡§ú‡§µ‡§æ‡§®‡•ã‡§Ç ‡§ï‡•á ‡§™‡•ç‡§∞‡§æ‡§£ ‡§ï‡•ç‡§∞‡•Ç‡§∞‡§§‡§æ ‡§∏‡•á ‡§≤‡§ø‡§Ø‡•á ‡§π‡•à‡§Ç‡•§ ‡§µ‡•Ä‡§∞‡•ã‡§Ç ‡§ï‡•ã ‡§®‡§Æ‡§®! ‡§¶‡•á‡§∂ ‡§ï‡•Ä ‡§∏‡§≠‡•Ä ‡•ß‡•©‡•¶ ‡§ï‡§∞‡•ã‡§°‡§º ‡§ú‡§®‡§§‡§æ ‡§∏‡•á‡§®‡§æ ‡§ï‡•á ‡§∏‡§æ‡§• ‡§π‡•à‡•§ ‡§ö‡•Ä‡§® ‡§π‡•ã ‡§Ø‡§æ  ‡§™‡§æ‡§ï‡§ø‡§∏‡•ç‡§§‡§æ‡§®, ‡§¶‡•á‡§∂ ‡§ï‡•Ä ‡§∏‡•Å‡§∞‡§ï‡•ç‡§∑‡§æ ‡§ï‡•á ‡§∏‡§æ‡§• ‡§ï‡•ã‡§à ‡§≠‡•Ä ‡§∏‡§Æ‡§ù‡•å‡§§‡§æ ‡§®‡§π‡•Ä‡§Ç‡•§ ‡§ö‡•Ä‡§® ‡§ï‡•á ‡§∏‡§æ‡§• ‡§≠‡§æ‡§∞‡§§ ‡§∏‡§∞‡§ï‡§æ‡§∞ ‡§â‡§ö‡§ø‡§§ ‡§ï‡§¶‡§Æ ‡§ú‡§≤‡•ç‡§¶ ‡§â‡§†‡§æ‡§è‡§ó‡•Ä ‡§ê‡§∏‡§æ ‡§µ‡§ø‡§∂‡•ç‡§µ‡§æ‡§∏ ‡§≠‡•Ä‡•§",hi,[],[],[],42,120,654,[],[],https://twitter.com/DrPravinTogadia/status/1272893294524104705,False,0,0,,,,,,,,[],,,,
1271004605422252032,1270982745439649792,2020-06-11 14:31:26 IST,2020-06-11,14:31:26,+0530,444568008,drpravintogadia,Dr Pravin Togadia,,"@vijayrupanibjp Rightly said, Vijaybhai! Bharat doesn't need gyan from Guha types. ALL states in Bharat incl Gujarat&amp;Bengal have cultural, economic&amp;human strength. Defaming 1 state over other has become a fashion. Gujarat has stalwart scientists,writers,freedom fighters!Guha should apologize.",en,[],[],[],10,24,126,[],[],https://twitter.com/DrPravinTogadia/status/1271004605422252032,False,0,0,,,,,,,,"[{'screen_name': 'vijayrupanibjp', 'name': 'Vijay Rupani', 'id': '627355202'}]",,,,
1271004182972035073,1270907568022450177,2020-06-11 14:29:45 IST,2020-06-11,14:29:45,+0530,444568008,drpravintogadia,Dr Pravin Togadia,,"@Ram_Guha Bharat doesn't need gyan from Guha types. ALL states in Bharat incl Gujarat&amp;Bengal have their own cultural, economic&amp;human strength. Defaming 1 state over other has become a fashion. Gujarat has stalwart scientists, writers,freedom fighters!Guha should apologize to all Indians.",en,[],[],[],3,25,181,[],[],https://twitter.com/DrPravinTogadia/status/1271004182972035073,False,0,0,,,,,,,,"[{'screen_name': 'Ram_Guha', 'name': 'Ramachandra Guha', 'id': '1657730988'}]",,,,
1271002192195932160,1270898717743177729,2020-06-11 14:21:51 IST,2020-06-11,14:21:51,+0530,444568008,drpravintogadia,Dr Pravin Togadia,,@rajeshpadmar Sad. Shri Venugopal ji was an inspiration to many. Tribute to Him. Om Shanti!,en,[],[],[],2,4,34,[],[],https://twitter.com/DrPravinTogadia/status/1271002192195932160,False,0,0,,,,,,,,"[{'screen_name': 'rajeshpadmar', 'name': 'Rajesh Padmar', 'id': '198549232'}]",,,,
1265958937997664258,1265958937997664258,2020-05-28 16:21:45 IST,2020-05-28,16:21:45,+0530,444568008,drpravintogadia,Dr Pravin Togadia,,"@narendramodi @AmitShah @PTI_News @ANI  ‡§π‡§ø‡§Ç‡§¶‡•Ç ‡§∞‡§æ‡§∑‡•ç‡§ü‡•ç‡§∞ ‡§ï‡•á ‡§™‡•Å‡§∞‡•ã‡§ß‡§æ, ‡§Æ‡§π‡§æ‡§® ‡§∏‡•ç‡§µ‡§§‡§Ç‡§§‡•ç‡§∞‡§§‡§æ ‡§∏‡•á‡§®‡§æ‡§®‡•Ä ‡§¨‡•à‡§∞‡§ø‡§∏‡•ç‡§ü‡§∞ ‡§µ‡•Ä‡§∞ ‡§∏‡§æ‡§µ‡§∞‡§ï‡§∞ ‡§ú‡•Ä ‡§ï‡•Ä ‡§ú‡§Ø‡§Ç‡§§‡§ø ‡§™‡§∞ ‡§®‡§Æ‡§® ‡§™‡•ç‡§∞‡§£‡§æ‡§Æ! ‡§Ü‡§®‡•á‡§µ‡§æ‡§≤‡•á ‡§µ‡§∞‡•ç‡§∑ ‡§Æ‡•á‡§Ç ‡§π‡§Æ‡§æ‡§∞‡•Ä ‡§≠‡§æ‡§∞‡§§ ‡§∏‡§∞‡§ï‡§æ‡§∞ ‡§Æ‡§æ. ‡§µ‡•Ä‡§∞ ‡§∏‡§æ‡§µ‡§∞‡§ï‡§∞ ‡§ú‡•Ä ‡§ï‡•ã ‡§≠‡§æ‡§∞‡§§‡§∞‡§§‡•ç‡§® ‡§Ö‡§µ‡§∂‡•ç‡§Ø ‡§¶‡•á‡§ó‡•Ä ‡§Ø‡§π ‡§¶‡•É‡§¢‡§º ‡§µ‡§ø‡§∂‡•ç‡§µ‡§æ‡§∏ ‡§π‡•à!  https://t.co/02i97oplK3",hi,"[{'screen_name': 'amitshah', 'name': 'amit shah', 'id': '1447949844'}, {'screen_name': 'pti_news', 'name': 'press trust of india', 'id': '245687754'}, {'screen_name': 'ani', 'name': 'ani', 'id': '355989081'}]",[],['https://pbs.twimg.com/media/EZGWKP8UYAED97O.jpg'],8,30,166,[],[],https://twitter.com/DrPravinTogadia/status/1265958937997664258,False,0,1,https://pbs.twimg.com/media/EZGWKP8UYAED97O.jpg,,,,,,,[],,,,
1260175520320253953,1260175520320253953,2020-05-12 17:20:31 IST,2020-05-12,17:20:31,+0530,444568008,drpravintogadia,Dr Pravin Togadia,,"‡§ï‡•ã‡§∞‡•ã‡§®‡§æ‡§∏‡•á ‡§™‡§∞‡§ø‡§µ‡§æ‡§∞,‡§¶‡•á‡§∂ ‡§¨‡§ö‡§®‡•á‡§ï‡•á ‡§≤‡§ø‡§è ‡§π‡§Æ‡§æ‡§∞‡§æ ‡§ï‡•ã‡§∞‡•ã‡§®‡§æ ‡§ï‡•á‡§Ø‡§∞ ‡§ü‡§æ‡§∏‡•ç‡§ï ‡§´‡§º‡•ã‡§∞‡•ç‡§∏ ‡•ß‡•®‡§Æ‡§æ‡§∞‡•ç‡§ö ‡•®‡•¶‡•®‡•¶ ‡§≤‡§æ‡§Ç‡§ö ‡§ï‡§ø‡§Ø‡§æ,‡§ï‡•ã‡§∞‡•ã‡§®‡§æ‡§∏‡•á ‡§¨‡§ö‡§®‡•á‡§ï‡•Ä ‡§®‡§Ø‡•Ä ‡§ú‡•Ä‡§µ‡§®‡§∂‡•à‡§≤‡•Ä ‡§≤‡•ã‡§ó‡•ã‡§Ç‡§ï‡•ã ‡§∏‡§Æ‡§ù‡§æ‡§®‡§æ,‡§ó‡§∞‡•Ä‡§¨‡•ã‡§ï‡•Ä ‡§Æ‡§¶‡§¶,‡§Æ‡§æ‡§∏‡•ç‡§ï‡•ç‡§∏ ‡§¨‡§®‡§æ‡§®‡§æ ‡§∂‡•Å‡§∞‡•Ç ‡§ï‡§ø‡§Ø‡§æ,‡•® ‡§Æ‡§π‡•Ä‡§®‡•ã‡§Ç‡§∏‡•á ‡§Ö‡§ß‡§ø‡§ï ‡§∏‡§Æ‡§Ø ‡§π‡•Å‡§Ü ‡§°‡•â ‡§™‡•Ä ‡§ü‡•Ä:‡§ï‡•ã‡§∞‡•ã‡§®‡§æ‡§∏‡•á ‡§¨‡§ö‡§®‡•á‡§ï‡•Ä ‡§∏‡•Ä‡§∏‡•Ä‡§ü‡•Ä‡§è‡§´ ‡§®‡§Ø‡•Ä ‡§ú‡•Ä‡§µ‡§®‡§∂‡•à‡§≤‡•Ä' ‡§ï‡§∞‡•ã‡§°‡§º‡•ã‡§Ç ‡§≤‡•ã‡§ó‡•ã‡§Ç‡§§‡§ï!   https://t.co/iPEIC1kGS7",hi,[],['https://youtu.be/gP1vcNd8aL4'],[],21,44,221,[],[],https://twitter.com/DrPravinTogadia/status/1260175520320253953,False,0,0,,,,,,,,[],,,,
1260173704664764416,1260173704664764416,2020-05-12 17:13:18 IST,2020-05-12,17:13:18,+0530,444568008,drpravintogadia,Dr Pravin Togadia,, https://t.co/2CpwbLCypC,und,[],[],['https://pbs.twimg.com/media/EX0JSoMUYAINoht.jpg'],10,26,217,[],[],https://twitter.com/DrPravinTogadia/status/1260173704664764416,False,0,1,https://pbs.twimg.com/media/EX0JSoMUYAINoht.jpg,,,,,,,[],,,,
1260104356864487424,1260104356864487424,2020-05-12 12:37:44 IST,2020-05-12,12:37:44,+0530,444568008,drpravintogadia,Dr Pravin Togadia,,"@narendramodi @ANI @PTI_News  Lockdown or not,time for New Lifestyle to save people&amp; Nation from Corona. Gvts doing as much they can. Constantly mutating virus,until vaccine in,prevention at home,workplace the New Lifestyle. Our CCTF Ambassadors already educating people all India  https://t.co/7S8LaaIrMw",en,"[{'screen_name': 'ani', 'name': 'ani', 'id': '355989081'}, {'screen_name': 'pti_news', 'name': 'press trust of india', 'id': '245687754'}]",[],"['https://pbs.twimg.com/media/EXzJM0DUMAEoqxM.jpg', 'https://pbs.twimg.com/media/EXzJfGtU0AIBYxn.jpg', 'https://pbs.twimg.com/media/EXzKJfTVAAExYsI.jpg']",14,23,83,[],[],https://twitter.com/DrPravinTogadia/status/1260104356864487424,False,0,1,https://pbs.twimg.com/media/EXzJM0DUMAEoqxM.jpg,,,,,,,[],,,,
1252963088585744385,1252963088585744385,2020-04-22 19:40:53 IST,2020-04-22,19:40:53,+0530,444568008,drpravintogadia,Dr Pravin Togadia,,@narendramodi @AmitShah @drharshvardhan Perfect &amp; timely decision to bring an ordinance to make attacks on Doctors&amp;Medical Professionals severely punishable offence. Hope that soon the old draconian laws re Medical field too would be dumped. Only today's Gvt can do it. üëç,en,"[{'screen_name': 'amitshah', 'name': 'amit shah', 'id': '1447949844'}, {'screen_name': 'drharshvardhan', 'name': 'dr harsh vardhan', 'id': '77732185'}]",[],[],13,41,182,[],[],https://twitter.com/DrPravinTogadia/status/1252963088585744385,False,0,0,,,,,,,,[],,,,
1252603814726660096,1252603814726660096,2020-04-21 19:53:16 IST,2020-04-21,19:53:16,+0530,444568008,drpravintogadia,Dr Pravin Togadia,,"@AmitShah While you all doing such hectic good work to save India from Corona,there, Maulana Sad says, he cooperating with the police &amp; Corona didn't spread bcoz of Jamat! He should be immediately arrested. Now he insults our brave police by his claims of cooperating with police!",en,[],[],[],9,35,109,[],[],https://twitter.com/DrPravinTogadia/status/1252603814726660096,False,0,0,,,,,,,,[],,,,
1250415041511186433,1250415041511186433,2020-04-15 18:55:52 IST,2020-04-15,18:55:52,+0530,444568008,drpravintogadia,Dr Pravin Togadia,,@narendramodi V Good decision of extending the lock down to protect Bharat from further Corona spread. üëç,en,[],[],[],6,15,103,[],[],https://twitter.com/DrPravinTogadia/status/1250415041511186433,False,0,0,,,,,,,,[],,,,
1250414224028733440,1250414224028733440,2020-04-15 18:52:37 IST,2020-04-15,18:52:37,+0530,444568008,drpravintogadia,Dr Pravin Togadia,,"@AmitShah @drharshvardhan @anjanaomkashyap We strongly condemn attacks on Doctors, medical fraternity&amp; police. We appeal all Gvts to take strictest action on culprits. Save Doctors, Medical Fraternity to Save people. - Dr Pravin Togadia, M. S. Cancer Surgeon - India Health Line",en,"[{'screen_name': 'drharshvardhan', 'name': 'dr harsh vardhan', 'id': '77732185'}, {'screen_name': 'anjanaomkashyap', 'name': 'anjana om kashyap', 'id': '101215084'}]",[],[],7,19,83,[],[],https://twitter.com/DrPravinTogadia/status/1250414224028733440,False,0,0,,,,,,,,[],,,,
1244983926784835586,1244983926784835586,2020-03-31 19:14:33 IST,2020-03-31,19:14:33,+0530,444568008,drpravintogadia,Dr Pravin Togadia,,"‡§≠‡§æ‡§∞‡§§‡§≠‡§∞ ‡§π‡§Æ‡§æ‡§∞‡•á ‡§è‡§è‡§ö‡§™‡•Ä, ‡§á‡§Ç‡§°‡§ø‡§Ø‡§æ ‡§π‡•á‡§≤‡•ç‡§• ‡§≤‡§æ‡§á‡§®, ‡§∞‡§æ‡§∑‡•ç‡§ü‡•ç‡§∞‡•Ä‡§Ø ‡§¨‡§ú‡§∞‡§Ç‡§ó ‡§¶‡§≤ ‡§ï‡•á ‡§∏‡§æ‡§•‡•Ä ‡§≤‡•ã‡§ó‡•ã‡§Ç ‡§ï‡•Ä ‡§Æ‡§¶‡§¶ ‡§ï‡•á ‡§≤‡§ø‡§è ‡§Ö‡§®‡•ç‡§® ‡§î‡§∞ ‡§Ö‡§®‡§æ‡§ú ‡§¶‡•á‡§§‡•á ‡§π‡•Å‡§è‡§Å‡•§  Our AHP, India Health Line, HHL, Rashtriya Bajrang Dal Sathis distributing food &amp; grains all India from Uttarakhand to Gujarat &amp; other states.  https://t.co/Dxtkn1xLk6",und,[],[],"['https://pbs.twimg.com/media/EUcRkNWU4AE3P2W.jpg', 'https://pbs.twimg.com/media/EUcRnNyUwAIDnuZ.jpg', 'https://pbs.twimg.com/media/EUcRrCqUMAEPs-T.jpg']",34,65,430,[],[],https://twitter.com/DrPravinTogadia/status/1244983926784835586,False,0,1,https://pbs.twimg.com/media/EUcRkNWU4AE3P2W.jpg,,,,,,,[],,,,
1244982450003927040,1244982450003927040,2020-03-31 19:08:41 IST,2020-03-31,19:08:41,+0530,444568008,drpravintogadia,Dr Pravin Togadia,,"@AmitShah ‡§≠‡§æ‡§à,‡§§‡§¨‡§≤‡•Ä‡§ò‡•Ä ‡§ú‡§º‡§Æ‡§æ‡§§‡§ï‡•á ‡§¨‡§æ‡§∞‡•á ‡§Æ‡•á‡§Ç ‡§ú‡•ã ‡§∏‡§§‡•ç‡§Ø ‡§Ü‡§™,‡§π‡§Æ ‡§ú‡§æ‡§®‡§§‡•á ‡§•‡•á,‡§Ü‡§ú ‡§¶‡•á‡§∂ ‡§¶‡•Å‡§®‡§ø‡§Ø‡§æ‡§Æ‡•á‡§Ç ‡§â‡§ú‡§æ‡§ó‡§∞ ‡§π‡•Å‡§Ü‡•§‡§≠‡§æ‡§∞‡§§‡§ï‡•ã ‡§ï‡•ã‡§∞‡•ã‡§®‡§æ‡§ï‡•á ‡§Æ‡•Å‡§Å‡§π‡§Æ‡•á‡§Ç ‡§ß‡§ï‡•á‡§≤‡§®‡•á‡§ï‡•Ä ‡§∏‡§æ‡§ú‡§ø‡§∂‡§ï‡§æ ‡§™‡§∞‡•ç‡§¶‡§æ‡§´‡§º‡§æ‡§∂!‡§ï‡•ã‡§∞‡•ã‡§®‡§æ ‡§´‡•à‡§≤‡§æ‡§®‡•á ‡§®‡§ø‡§ï‡§≤‡•á‡§Ç ‡§§‡§¨‡§≤‡•Ä‡§ò ‡§ú‡§º‡§Æ‡§æ‡§§,‡§â‡§®‡§∏‡•á ‡§ú‡•Å‡§°‡§º‡•á ‡§∏‡§≠‡•Ä ‡§∏‡§Ç‡§ó‡§†‡§®‡•ã‡§Ç‡§™‡§∞ ‡§™‡§æ‡§¨‡§Ç‡§¶‡•Ä ‡§≤‡§ó‡§æ‡§è‡§Å‡•§‡•©‡•≠‡•¶ ‡§π‡§ü‡§æ‡§®‡§æ,‡§∏‡•Ä‡§è‡§è‡§ï‡•á ‡§¨‡§æ‡§¶ ‡§¶‡•á‡§∂‡§ï‡•ã ‡§¨‡§ö‡§æ‡§®‡•á‡§ï‡§æ ‡§Ø‡§π ‡§¨‡§°‡§º‡§æ ‡§ï‡§¶‡§Æ ‡§π‡•ã‡§ó‡§æ‡•§‡§Ø‡§π ‡§Ü‡§™‡§π‡•Ä ‡§ï‡§∞ ‡§∏‡§ï‡§§‡•á ‡§π‡•ã",hi,[],[],[],38,79,264,[],[],https://twitter.com/DrPravinTogadia/status/1244982450003927040,False,0,0,,,,,,,,[],,,,
1241993664735236096,1241711720998899718,2020-03-23 13:12:19 IST,2020-03-23,13:12:19,+0530,444568008,drpravintogadia,Dr Pravin Togadia,,"@narendramodi ‡§ï‡•ã‡§∞‡•ã‡§®‡§æ ‡§ï‡•Ä ‡§Ö‡§¨ ‡§∏‡•ç‡§ü‡•á‡§ú -‡•® ‡§≠‡§æ‡§∞‡§§ ‡§Æ‡•á‡§Ç ‡§≠‡•Ä ‡§∂‡•Å‡§∞‡•Ç ‡§π‡•Å‡§Ø‡•Ä ‡§î‡§∞ ‡§ó‡§Ç‡§≠‡•Ä‡§∞‡§§‡§æ ‡§∏‡•á, ‡§ï‡§°‡§º‡§æ‡§à ‡§∏‡•á ‡§®‡§π‡•Ä‡§Ç ‡§ö‡§≤‡•á‡§Ç ‡§Ö‡§¨ ‡§§‡•ã ‡§ï‡•ã‡§∞‡•ã‡§®‡§æ ‡§¨‡§π‡•Å‡§§‡•ã‡§Ç ‡§ï‡•á ‡§™‡•ç‡§∞‡§æ‡§£ ‡§≤‡•á ‡§∏‡§ï‡§§‡§æ ‡§π‡•à‡•§ ‡§∏‡§æ‡§µ‡§ß‡§æ‡§®!‡§°‡§∞‡•á ‡§®‡§π‡•Ä‡§Ç ‡§≤‡•á‡§ï‡§ø‡§® ‡§ò‡§∞ ‡§∏‡•á ‡§¨‡§æ‡§π‡§∞ ‡§®‡§ø‡§ï‡§≤‡•á‡§Ç ‡§≠‡•Ä ‡§®‡§π‡•Ä‡§Ç‡•§‡§∏‡§∞‡§ï‡§æ‡§∞‡•Ä ‡§∏‡•Ç‡§ö‡§®‡§æ‡§ì‡§Ç ‡§ï‡§æ ‡§™‡§æ‡§≤‡§® ‡§ï‡§∞‡•á‡§Ç‡•§‡§ï‡•á‡§Ç‡§¶‡•ç‡§∞ ‡§∞‡§æ‡§ú‡•ç‡§Ø‡•ã‡§Ç‡§ï‡•ã ‡§Æ‡•á‡§°‡§ø‡§ï‡§≤ ‡§∏‡§™‡•ç‡§≤‡§æ‡§á‡§ú ‡§§‡•Å‡§∞‡§Ç‡§§ ‡§≠‡•á‡§ú‡•á‡§Ç‡•§",hi,[],[],[],4,19,91,[],[],https://twitter.com/DrPravinTogadia/status/1241993664735236096,False,0,0,,,,,,,,"[{'screen_name': 'narendramodi', 'name': 'Narendra Modi', 'id': '18839785'}]",,,,
1241993261759074306,1241711720998899718,2020-03-23 13:10:43 IST,2020-03-23,13:10:43,+0530,444568008,drpravintogadia,Dr Pravin Togadia,,@narendramodi @Raghav03651385 Excellent work.,en,[],[],[],3,3,23,[],[],https://twitter.com/DrPravinTogadia/status/1241993261759074306,False,0,0,,,,,,,,"[{'screen_name': 'narendramodi', 'name': 'Narendra Modi', 'id': '18839785'}]",,,,
1241991826933813248,1241991826933813248,2020-03-23 13:05:01 IST,2020-03-23,13:05:01,+0530,444568008,drpravintogadia,Dr Pravin Togadia,,"@drharshvardhan IHL CCTF: Corona Stage-2 starts in India. If all don't take proper care&amp;do complete lock down NOW  then this can be a deadly phase. All should follow Govt instructions&amp;Union Govt should immediately provide medical supplies like Test Kits,Ventilators to all states  https://t.co/UmrdGeiUNd",en,[],[],['https://pbs.twimg.com/media/ETxvtv7UMAA-xHu.jpg'],3,12,30,[],[],https://twitter.com/DrPravinTogadia/status/1241991826933813248,False,0,1,https://pbs.twimg.com/media/ETxvtv7UMAA-xHu.jpg,,,,,,,[],,,,
1241989786107166722,1241989786107166722,2020-03-23 12:56:54 IST,2020-03-23,12:56:54,+0530,444568008,drpravintogadia,Dr Pravin Togadia,,"‡§∏‡•ç‡§ü‡•á‡§ú-‡•®: ‡§Ü‡§à‡§è‡§ö‡§è‡§≤ ‡§ï‡•ã‡§∞‡•ã‡§®‡§æ ‡§ï‡•á‡§Ø‡§∞ ‡§ü‡§æ‡§∏‡•ç‡§ï ‡§´‡§º‡•ã‡§∞‡•ç‡§∏:‡§ï‡•ã‡§∞‡•ã‡§®‡§æ ‡§ï‡•Ä ‡§Ö‡§¨ ‡§∏‡•ç‡§ü‡•á‡§ú -‡•® ‡§≠‡§æ‡§∞‡§§ ‡§Æ‡•á‡§Ç ‡§≠‡•Ä ‡§∂‡•Å‡§∞‡•Ç ‡§π‡•Å‡§Ø‡•Ä ‡§î‡§∞ ‡§ó‡§Ç‡§≠‡•Ä‡§∞‡§§‡§æ ‡§∏‡•á, ‡§ï‡§°‡§º‡§æ‡§à ‡§∏‡•á ‡§®‡§π‡•Ä‡§Ç ‡§ö‡§≤‡•á‡§Ç ‡§Ö‡§¨ ‡§§‡•ã ‡§ï‡•ã‡§∞‡•ã‡§®‡§æ ‡§¨‡§π‡•Å‡§§‡•ã‡§Ç ‡§ï‡•á ‡§™‡•ç‡§∞‡§æ‡§£ ‡§≤‡•á ‡§∏‡§ï‡§§‡§æ ‡§π‡•à‡•§ ‡§∏‡§æ‡§µ‡§ß‡§æ‡§®!‡§°‡§∞‡•á ‡§®‡§π‡•Ä‡§Ç ‡§≤‡•á‡§ï‡§ø‡§® ‡§ò‡§∞ ‡§∏‡•á ‡§¨‡§æ‡§π‡§∞ ‡§®‡§ø‡§ï‡§≤‡•á‡§Ç ‡§≠‡•Ä ‡§®‡§π‡•Ä‡§Ç‡•§‡§∏‡§∞‡§ï‡§æ‡§∞‡•Ä ‡§∏‡•Ç‡§ö‡§®‡§æ‡§ì‡§Ç ‡§ï‡§æ ‡§™‡§æ‡§≤‡§® ‡§ï‡§∞‡•á‡§Ç‡•§‡§ï‡•á‡§Ç‡§¶‡•ç‡§∞ ‡§∞‡§æ‡§ú‡•ç‡§Ø‡•ã‡§Ç‡§ï‡•ã ‡§Æ‡•á‡§°‡§ø‡§ï‡§≤ ‡§∏‡§™‡•ç‡§≤‡§æ‡§á‡§ú ‡§§‡•Å‡§∞‡§Ç‡§§ ‡§≠‡•á‡§ú‡•á‡§Ç‡•§  https://t.co/yktSa3uplz",hi,[],[],"['https://pbs.twimg.com/media/ETxuAm0UYAAgGAO.jpg', 'https://pbs.twimg.com/media/ETxuC4OUEAAQPyb.jpg']",16,63,279,[],[],https://twitter.com/DrPravinTogadia/status/1241989786107166722,False,0,1,https://pbs.twimg.com/media/ETxuAm0UYAAgGAO.jpg,,,,,,,[],,,,
1238559871747756032,1238558981792112641,2020-03-14 01:47:39 IST,2020-03-14,01:47:39,+0530,444568008,drpravintogadia,Dr Pravin Togadia,,"@TeamTrump @realDonaldTrump Excellent,practical&amp; significant measure U announced to tackle Corona. As a Cancer Surgeon,I appreciate them. It takes guts &amp; real heartfelt concern for the people to make the decisions that U just did. Together all will win over Corona! Best Wishes to U, Mr President.",en,[],[],[],3,4,17,[],[],https://twitter.com/DrPravinTogadia/status/1238559871747756032,False,0,0,,,,,,,,"[{'screen_name': 'TeamTrump', 'name': 'Team Trump (Text TRUMP to 88022)', 'id': '729676086632656900'}, {'screen_name': 'realDonaldTrump', 'name': 'Donald J. Trump', 'id': '25073877'}]",,,,
1238559631305105408,1238559631305105408,2020-03-14 01:46:42 IST,2020-03-14,01:46:42,+0530,444568008,drpravintogadia,Dr Pravin Togadia,,"@TeamTrump Excellent,practical&amp; significant measure U announced to tackle Corona. As a Cancer Surgeon,I appreciate them. It takes guts&amp;heartfelt concern for the people to make the decisions that U just did. Together all will win over Corona! Best Wishes to U, Mr President",en,[],[],[],0,0,2,[],[],https://twitter.com/DrPravinTogadia/status/1238559631305105408,False,0,0,,,,,,,,[],,,,
1238558934815764480,1238558934815764480,2020-03-14 01:43:56 IST,2020-03-14,01:43:56,+0530,444568008,drpravintogadia,Dr Pravin Togadia,,"@realDonaldTrump Excellent,practical&amp; significant measure U announced to tackle Corona. As a Cancer Surgeon,I appreciate them. It takes guts&amp;heartfelt concern for the people to make the decisions that U just did. Together all will win over Corona! Best Wishes to U, Mr President!",en,[],[],[],1,6,36,[],[],https://twitter.com/DrPravinTogadia/status/1238558934815764480,False,0,0,,,,,,,,[],,,,
1238083741265694721,1238083741265694721,2020-03-12 18:15:41 IST,2020-03-12,18:15:41,+0530,444568008,drpravintogadia,Dr Pravin Togadia,,"@PTI_News @WHO @ANI  Our India Health Line's 'IHL Corona Care Task Force' launched today. With 10,000 Specialist Doctors &amp; over 50,000+ trained IHL Health Ambassadors all set for Corona related Awareness Program all India.  https://t.co/Tu7YeQTxd6",en,"[{'screen_name': 'who', 'name': 'world health organization (who)', 'id': '14499829'}, {'screen_name': 'ani', 'name': 'ani', 'id': '355989081'}]",[],"['https://pbs.twimg.com/media/ES6N51UUYAEOvuG.jpg', 'https://pbs.twimg.com/media/ES6OPryUcAAPHbN.jpg', 'https://pbs.twimg.com/media/ES6OTLoU4AETIO5.jpg']",3,7,32,[],[],https://twitter.com/DrPravinTogadia/status/1238083741265694721,False,0,1,https://pbs.twimg.com/media/ES6N51UUYAEOvuG.jpg,,,,,,,[],,,,
1236262913989464064,1236262913989464064,2020-03-07 17:40:22 IST,2020-03-07,17:40:22,+0530,444568008,drpravintogadia,Dr Pravin Togadia,,"@rautsanjay61 @CMOMaharashtra ‡§π‡§ø‡§Ç‡§¶‡•Å‡§π‡•É‡§¶‡§Ø‡§∏‡§Æ‡•ç‡§∞‡§æ‡§ü ‡§Æ‡§æ. ‡§¨‡§æ‡§≤‡§æ‡§∏‡§æ‡§π‡•á‡§¨ ‡§†‡§æ‡§ï‡§∞‡•á‡§ú‡•Ä ‡§Ö‡§Ø‡•ã‡§ß‡•ç‡§Ø‡§æ ‡§∞‡§æ‡§Æ‡§Æ‡§Ç‡§¶‡§ø‡§∞‡§ï‡•á ‡§≤‡§ø‡§è ‡§≤‡§°‡§º‡§§‡•á ‡§∞‡§π‡•á‡§Ç‡•§‡§∏‡•Å‡§™‡•Å‡§§‡•ç‡§∞ ‡§Æ‡§π‡§æ‡§∞‡§æ‡§∑‡•ç‡§ü‡•ç‡§∞ ‡§Æ‡•Å‡§ñ‡•ç‡§Ø‡§Æ‡§Ç‡§§‡•ç‡§∞‡•Ä ‡§â‡§¶‡•ç‡§ß‡§µ‡§ú‡•Ä ‡§†‡§æ‡§ï‡§∞‡•á ‡§Ü‡§ú ‡§´‡§ø‡§∞ ‡§Ö‡§Ø‡•ã‡§ß‡•ç‡§Ø‡§æ ‡§ó‡§è‡§Å, ‡§∞‡§æ‡§Æ‡§≤‡§≤‡•ç‡§≤‡§æ‡§ï‡•á ‡§¶‡§∞‡•ç‡§∂‡§® ‡§ï‡§ø‡§è‡§Å‡•§‡§¨‡§π‡•Å‡§§ ‡§Ö‡§≠‡§ø‡§®‡§®‡•ç‡§¶‡§®,‡§∏‡•ç‡§µ‡§æ‡§ó‡§§‡•§‡§Ü‡§ú ‡§∏‡§§‡•ç‡§§‡§æ ‡§π‡•à,‡§´‡§ø‡§∞ ‡§≠‡•Ä ‡§≠‡§ó‡§µ‡§æ‡§®‡•ç ‡§∂‡•ç‡§∞‡•Ä‡§∞‡§æ‡§Æ‡§ï‡•á ‡§™‡•ç‡§∞‡§§‡§ø ‡§Ü‡§∏‡•ç‡§•‡§æ‡§™‡§∞ ‡§ü‡§ø‡§ï‡•á‡§Ç ‡§∞‡§π‡•á‡§Ç‡•§ ‡§Ö‡§≠‡§ø‡§®‡§®‡•ç‡§¶‡§®",hi,"[{'screen_name': 'cmomaharashtra', 'name': 'cmo maharashtra', 'id': '2597666894'}]",[],[],2,3,19,[],[],https://twitter.com/DrPravinTogadia/status/1236262913989464064,False,0,0,,,,,,,,[],,,,
1235974867054297089,1235974867054297089,2020-03-06 22:35:46 IST,2020-03-06,22:35:46,+0530,444568008,drpravintogadia,Dr Pravin Togadia,,@drharshvardhan @PTI_News @ANI  Govt of India &amp; Union Health Minister all set to tackle Corona illness here. Let's all together work towards Healthy &amp; Happy India. Video link  https://t.co/NZZUsnanH7,en,"[{'screen_name': 'pti_news', 'name': 'press trust of india', 'id': '245687754'}, {'screen_name': 'ani', 'name': 'ani', 'id': '355989081'}]",['https://youtu.be/7fZO1iNd7N0'],[],3,4,31,[],[],https://twitter.com/DrPravinTogadia/status/1235974867054297089,False,0,0,,,,,,,,[],,,,
1233048448460443648,1233048448460443648,2020-02-27 20:47:13 IST,2020-02-27,20:47:13,+0530,444568008,drpravintogadia,Dr Pravin Togadia,,"@narendramodi  Let us all together make Bharat Healthy, Safe &amp; Prosperous again.  https://t.co/I40BMnYvqM",en,[],[],"['https://pbs.twimg.com/media/ERyqOapUwAERpgN.jpg', 'https://pbs.twimg.com/media/ERyqVZCU4AEa4G6.jpg']",7,16,67,[],[],https://twitter.com/DrPravinTogadia/status/1233048448460443648,False,0,1,https://pbs.twimg.com/media/ERyqOapUwAERpgN.jpg,,,,,,,[],,,,
1231878507254255617,1231878507254255617,2020-02-24 15:18:17 IST,2020-02-24,15:18:17,+0530,444568008,drpravintogadia,Dr Pravin Togadia,,@realDonaldTrump @AmitShah @narendramodi Excellent speeches by both the great leaders at Ahmedabad! Bravo to President Trump for courageously announcing that both countries should fight against radical Islamic Terrorism. Govt of India already on by repealing 370 &amp; bringing CAAüëç,en,"[{'screen_name': 'amitshah', 'name': 'amit shah', 'id': '1447949844'}, {'screen_name': 'narendramodi', 'name': 'narendra modi', 'id': '18839785'}]",[],[],1,12,48,[],[],https://twitter.com/DrPravinTogadia/status/1231878507254255617,False,0,0,,,,,,,,[],,,,
1231852116261556225,1231852116261556225,2020-02-24 13:33:25 IST,2020-02-24,13:33:25,+0530,444568008,drpravintogadia,Dr Pravin Togadia,,"@realDonaldTrump @AmitShah @narendramodi @PTI_News Welcome to Gujarat,President Trump!Sure,next time after winning US elections 2020 U would come again. Hope all Indians in America would get your support&amp; Bharat America ties would be the strongest!Good work Narendrabhai&amp;Amitbhai!",en,"[{'screen_name': 'amitshah', 'name': 'amit shah', 'id': '1447949844'}, {'screen_name': 'narendramodi', 'name': 'narendra modi', 'id': '18839785'}, {'screen_name': 'pti_news', 'name': 'press trust of india', 'id': '245687754'}]",[],[],4,12,52,[],[],https://twitter.com/DrPravinTogadia/status/1231852116261556225,False,0,0,,,,,,,,[],,,,
1230080771026612225,1230080771026612225,2020-02-19 16:14:44 IST,2020-02-19,16:14:44,+0530,444568008,drpravintogadia,Dr Pravin Togadia,,"@AmitShah @PTI_News ‡§ó‡•É‡§π‡§Æ‡§Ç‡§§‡•ç‡§∞‡•Ä ‡§Ö‡§Æ‡§ø‡§§‡§≠‡§æ‡§à ‡§®‡•á ‡§ï‡§∂‡•ç‡§Æ‡•Ä‡§∞‡•Ä ‡§π‡§ø‡§Ç‡§¶‡•Å‡§ì‡§Ç ‡§ï‡•á ‡§™‡•ç‡§∞‡§§‡§ø‡§®‡§ø‡§ß‡§ø‡§Ø‡•ã‡§Ç ‡§∏‡•á ‡§Æ‡•Å‡§≤‡§æ‡§ï‡§º‡§æ‡§§ ‡§ï‡§∞ ‡§µ‡§ö‡§® ‡§¶‡§ø‡§Ø‡§æ ‡§ï‡§ø ‡§µ‡•á ‡§ï‡§∂‡•ç‡§Æ‡•Ä‡§∞‡•Ä ‡§π‡§ø‡§Ç‡§¶‡•Å‡§ì‡§Ç‡§ï‡•ã ‡§ï‡§∂‡•ç‡§Æ‡•Ä‡§∞ ‡§Æ‡•á‡§Ç ‡§´‡§ø‡§∞ ‡§¨‡§∏‡§æ‡§è‡§Å‡§ó‡•á,‡§§‡•ã‡§°‡§º‡•á‡§Ç ‡§Æ‡§Ç‡§¶‡§ø‡§∞ ‡§´‡§ø‡§∞ ‡§¨‡§®‡§æ‡§è‡§Å‡§ó‡•á‡•§‡§ï‡§∂‡•ç‡§Æ‡•Ä‡§∞‡•Ä ‡§π‡§ø‡§Ç‡§¶‡•Å‡§ì‡§Ç ‡§ï‡•ã ‡§â‡§®‡•ç‡§π‡•ã‡§Ç‡§®‡•á ‡§¶‡§ø‡§è ‡§á‡§∏ ‡§µ‡§ö‡§® ‡§ï‡§æ ‡§π‡•É‡§¶‡§Ø‡§™‡•Ç‡§∞‡•ç‡§µ‡§ï ‡§Ö‡§≠‡§ø‡§®‡§®‡•ç‡§¶‡§® ‡§î‡§∞ ‡§∏‡•ç‡§µ‡§æ‡§ó‡§§!  https://t.co/ZDnGp0pbZf",hi,"[{'screen_name': 'pti_news', 'name': 'press trust of india', 'id': '245687754'}]",[],['https://pbs.twimg.com/media/ERIfZDuU0AA6pK_.jpg'],6,29,135,[],[],https://twitter.com/DrPravinTogadia/status/1230080771026612225,False,0,1,https://pbs.twimg.com/media/ERIfZDuU0AA6pK_.jpg,,,,,,,[],,,,
1220298863581396992,1220298863581396992,2020-01-23 16:24:55 IST,2020-01-23,16:24:55,+0530,444568008,drpravintogadia,Dr Pravin Togadia,,"‡§π‡§ø‡§Ç‡§¶‡•Ç‡§π‡•É‡§¶‡§Ø‡§∏‡§Æ‡•ç‡§∞‡§æ‡§ü ‡§Æ‡§æ. ‡§¨‡§æ‡§≤‡§æ‡§∏‡§æ‡§π‡•á‡§¨ ‡§†‡§æ‡§ï‡§∞‡•á‡§ú‡•Ä‡§ï‡•Ä ‡§ú‡§Ø‡§Ç‡§§‡§ø‡•§‡§π‡§ø‡§Ç‡§¶‡•Å‡§§‡•ç‡§µ‡§ï‡•á ‡§≤‡§ø‡§è ‡§¨‡§æ‡§≤‡§æ‡§∏‡§æ‡§π‡•á‡§¨‡§®‡•á ‡§Ö‡§™‡§®‡•á ‡§Æ‡§§‡§æ‡§ß‡§ø‡§ï‡§æ‡§∞ ‡§≠‡•Ä ‡§§‡•ç‡§Ø‡§æ‡§ó ‡§¶‡§ø‡§è‡§Å,‡§π‡§ø‡§Æ‡§æ‡§≤‡§Ø ‡§ú‡•à‡§∏‡•á ‡§∞‡§æ‡§Æ‡§Æ‡§Ç‡§¶‡§ø‡§∞ ‡§ï‡•á,‡§π‡§ø‡§Ç‡§¶‡•Å‡§ì‡§Ç‡§ï‡•á,‡§π‡§ø‡§Ç‡§¶‡•Å‡§§‡•ç‡§µ‡§ï‡•á ‡§≤‡§ø‡§è ‡§ñ‡§°‡§º‡•á ‡§∞‡§π‡•á‡§Ç‡•§‡§Ü‡§ú ‡§Æ‡§§‡•ã‡§Ç,‡§ö‡•Å‡§®‡§æ‡§µ‡•ã‡§Ç‡§ï‡•á ‡§≤‡§ø‡§è ‡§π‡§ø‡§Ç‡§¶‡•Å‡§§‡•ç‡§µ ‡§õ‡•ã‡§°‡§º‡§®‡•á‡§µ‡§æ‡§≤‡•á‡§Ç ‡§¨‡§π‡•Å‡§§ ‡§®‡•á‡§§‡§æ ‡§¶‡•á‡§∂ ‡§¶‡•á‡§ñ ‡§∞‡§π‡§æ ‡§π‡•à:‡§Ü‡§ú ‡§¨‡§æ‡§≤‡§æ‡§∏‡§æ‡§π‡•á‡§¨ ‡§π‡•ã‡§§‡•á ‡§§‡•ã ‡§ö‡§ø‡§§‡•ç‡§∞ ‡§ï‡•Å‡§õ ‡§î‡§∞ ‡§π‡•ã‡§§‡§æ‡•§‡§∏‡§µ‡§ø‡§®‡§Ø ‡§™‡•ç‡§∞‡§£‡§æ‡§Æ!  https://t.co/7eM6ZRIMSh",hi,[],[],['https://pbs.twimg.com/media/EO9fWGJVAAAiu5u.jpg'],28,83,692,[],[],https://twitter.com/DrPravinTogadia/status/1220298863581396992,False,0,1,https://pbs.twimg.com/media/EO9fWGJVAAAiu5u.jpg,,,,,,,[],,,,
